player_name,player_slug,destination_school,destination_school_slug,destination_conference,destination_level,source_school,source_school_slug,source_conference,source_level,transfer_year,first_big_west_season,commit_date,signed_date,enrolled_date,target_event_type,target_event_date,source_event_type,source_event_date,pathway_type,position,height,weight,class,hs_grad_year,juco_flag,redshirt_flag,model_training_window,phase1_d2_transfer_match,phase1_model_training_eligible,phase1_review_status,source_url
Jacob Davison,jacob-davison,Cal Poly,cal-poly,Big West,D1,Eastern Washington,eastern-washington,Big Sky,D1,2021,2021-22,,,2021-04-06,ENROLLMENT,2021-04-06,TRANSFER,2015-09-16,d1_big_west,Shooting Guard,76,175,OTHER,2016,FALSE,TRUE,TRUE,FALSE,,,https://www.verbalcommits.com/players/jacob-davison
Julien Franklin,julien-franklin,Cal Poly,cal-poly,Big West,D1,Oregon State,oregon-state,PAC 12,D1,2021,2021-22,,,2021-04-18,ENROLLMENT,2021-04-18,TRANSFER,2017-09-10,d1_big_west,Small Forward,79,200,INELIGIBLE,2019,FALSE,TRUE,TRUE,FALSE,,,https://www.verbalcommits.com/players/julien-franklin
Trevon Taylor,trevon-taylor,Cal Poly,cal-poly,Big West,D1,James Madison,james-madison,Sun Belt,D1,2021,2021-22,,,2021-05-15,ENROLLMENT,2021-05-15,TRANSFER,2020-04-24,d1_big_west,Shooting Guard,78,210,OTHER,2018,FALSE,FALSE,TRUE,FALSE,,,https://www.verbalcommits.com/players/trevon-taylor
Kaleb Higgins,kaleb-higgins,Cal State Bakersfield,cal-state-bakersfield,Big West,D1,Holmes Community College,holmes-community-college,,JUCO,2021,2021-22,,,2021-04-14,ENROLLMENT,2021-04-14,ALL_SCHOOLS_ATTENDED,,juco_big_west,Point Guard,70,155,INELIGIBLE,2019,TRUE,FALSE,TRUE,FALSE,,,https://www.verbalcommits.com/players/kaleb-higgins
E.J. Anosike,ej-anosike,Cal State Fullerton,cal-state-fullerton,Big West,D1,Tennessee,tennessee,SEC,D1,2021,2021-22,,,2021-06-17,ENROLLMENT,2021-06-17,TRANSFER,2020-03-27,d1_big_west,Small Forward,79,236,OTHER,2017,FALSE,FALSE,TRUE,FALSE,,,https://www.verbalcommits.com/players/ej-anosike
Christian Gray,christian-gray,Cal State Northridge,cal-state-northridge,Big West,D1,Fresno State,fresno-state,Mountain West,D1,2021,2021-22,,,2021-09-07,ENROLLMENT,2021-09-07,TRANSFER,2018-06-28,d1_big_west,Small Forward,78,250,OTHER,2016,TRUE,TRUE,TRUE,FALSE,,,https://www.verbalcommits.com/players/christian-gray
Onyi Eyisi,onyi-eyisi,Cal State Northridge,cal-state-northridge,Big West,D1,Fordham,fordham,Atlantic 10,D1,2021,2021-22,,,2021-08-08,ENROLLMENT,2021-08-08,TRANSFER,2018-03-07,d1_big_west,Center,81,225,OTHER,2018,FALSE,FALSE,TRUE,FALSE,,,https://www.verbalcommits.com/players/onyi-eyisi
Juan Munoz,juan-munoz,Hawaii,hawaii,Big West,D1,Longwood,longwood,Big South,D1,2021,2021-22,,,2021-04-08,ENROLLMENT,2021-04-08,TRANSFER,2014-08-23,d1_big_west,Point Guard,72,170,OTHER,2017,FALSE,TRUE,TRUE,FALSE,,,https://www.verbalcommits.com/players/juan-munoz
Jérôme Desrosiers,jrme-desrosiers,Hawaii,hawaii,Big West,D1,Princeton,princeton,Ivy,D1,2021,2021-22,,,2021-02-02,ENROLLMENT,2021-02-02,TRANSFER,2016-05-01,d1_big_west,Power Forward,79,235,OTHER,2017,FALSE,FALSE,TRUE,FALSE,,,https://www.verbalcommits.com/players/jrme-desrosiers
Kamaka Hepa,kamaka-hepa,Hawaii,hawaii,Big West,D1,Texas,texas,Big XII,D1,2021,2021-22,,,2021-04-26,ENROLLMENT,2021-04-26,TRANSFER,2016-06-16,d1_big_west,Power Forward,82,215,OTHER,2018,FALSE,FALSE,TRUE,FALSE,,,https://www.verbalcommits.com/players/kamaka-hepa
Joel Murray,joel-murray,Long Beach State,long-beach-state,Big West,D1,West Texas A&M,west-texas-a-m,LSC,D2,2021,2021-22,,,2021-04-07,ENROLLMENT,2021-04-07,TRANSFER,2018-09-02,d2_big_west,Point Guard,72,170,OTHER,2018,FALSE,FALSE,TRUE,TRUE,TRUE,auto_include,https://www.verbalcommits.com/players/joel-murray
Kane Milling,kane-milling,UC Davis,uc-davis,Big West,D1,Nevada,nevada,Mountain West,D1,2021,2021-22,,,2021-04-11,ENROLLMENT,2021-04-11,TRANSFER,2019-04-30,d1_big_west,Shooting Guard,76,180,INELIGIBLE,2019,FALSE,FALSE,TRUE,FALSE,,,https://www.verbalcommits.com/players/kane-milling
Devin Tillis,devin-tillis,UC Irvine,uc-irvine,Big West,D1,UNLV,unlv,Mountain West,D1,2021,2021-22,,,2021-04-02,ENROLLMENT,2021-04-02,TRANSFER,2019-12-31,d1_big_west,Small Forward,78,210,COLLEGE_SENIOR,2020,FALSE,FALSE,TRUE,FALSE,,,https://www.verbalcommits.com/players/devin-tillis
J.P. Moorman II,jp-moorman-ii,UC Riverside,uc-riverside,Big West,D1,Temple,temple,American,D1,2021,2021-22,,,2021-03-29,ENROLLMENT,2021-03-29,TRANSFER,2016-04-18,d1_big_west,Small Forward,79,210,OTHER,2017,FALSE,FALSE,TRUE,FALSE,,,https://www.verbalcommits.com/players/jp-moorman-ii
Jhaylon Martinez,jhaylon-martinez,UC Riverside,uc-riverside,Big West,D1,UNLV,unlv,Mountain West,D1,2021,2021-22,,,2021-04-14,ENROLLMENT,2021-04-14,TRANSFER,2019-04-03,d1_big_west,Center,83,255,INELIGIBLE,2020,FALSE,FALSE,TRUE,FALSE,,,https://www.verbalcommits.com/players/jhaylon-martinez
Chance Hunter,chance-hunter,Cal Poly,cal-poly,Big West,D1,California Baptist,california-baptist,WAC,D1,2022,2022-23,,,2022-04-12,ENROLLMENT,2022-04-12,TRANSFER,2021-04-06,d1_big_west,Small Forward,78,200,OTHER,2017,TRUE,TRUE,TRUE,TRUE,FALSE,reviewed_exclude,https://www.verbalcommits.com/players/chance-hunter
Isaac Spears,isaac-spears,Cal Poly,cal-poly,Big West,D1,Montana State,montana-state,Big Sky,D1,2022,2022-23,,,2022-05-21,ENROLLMENT,2022-05-21,TRANSFER,2021-04-28,d1_big_west,Point Guard,76,170,COLLEGE_SENIOR,2021,FALSE,TRUE,TRUE,FALSE,,,https://www.verbalcommits.com/players/isaac-spears
Logan McLaughlin,logan-mclaughlin,Cal Poly,cal-poly,Big West,D1,Abilene Christian,abilene-christian,WAC,D1,2022,2022-23,,,2023-04-25,ENROLLMENT,2023-04-25,TRANSFER,2018-07-25,d1_big_west,Point Guard,73,185,INELIGIBLE,2020,TRUE,FALSE,TRUE,FALSE,,,https://www.verbalcommits.com/players/logan-mclaughlin
Nick Fleming,nick-fleming,Cal Poly,cal-poly,Big West,D1,Southern Utah,southern-utah,WAC,D1,2022,2022-23,,,2022-06-28,ENROLLMENT,2022-06-28,TRANSFER,2020-05-20,d1_big_west,Point Guard,73,165,OTHER,2018,TRUE,FALSE,TRUE,FALSE,,,https://www.verbalcommits.com/players/nick-fleming
Marvin McGhee III,marvin-mcghee,Cal State Bakersfield,cal-state-bakersfield,Big West,D1,South Georgia Technical College,south-georgia-technical-college,,JUCO,2022,2022-23,,,2022-02-22,ENROLLMENT,2022-02-22,ALL_SCHOOLS_ATTENDED,,juco_big_west,Shooting Guard,76,195,COLLEGE_SENIOR,2020,TRUE,FALSE,TRUE,FALSE,,,https://www.verbalcommits.com/players/marvin-mcghee
Modestas Kancleris,modestas-kancleris,Cal State Bakersfield,cal-state-bakersfield,Big West,D1,Creighton,creighton,Big East,D1,2022,2022-23,,,2022-04-27,ENROLLMENT,2022-04-27,TRANSFER,2020-04-30,d1_big_west,Center,81,210,INELIGIBLE,2020,FALSE,FALSE,TRUE,FALSE,,,https://www.verbalcommits.com/players/modestas-kancleris
Tom Mark,tom-mark,Cal State Bakersfield,cal-state-bakersfield,Big West,D1,Tallahassee Community College,tallahassee-community-college2,,JUCO,2022,2022-23,,,2022-12-13,ENROLLMENT,2022-12-13,ALL_SCHOOLS_ATTENDED,,juco_big_west,Small Forward,79,200,COLLEGE_SENIOR,2020,TRUE,FALSE,TRUE,FALSE,,,https://www.verbalcommits.com/players/tom-mark
Garrison Wade,garrison-wade,Cal State Fullerton,cal-state-fullerton,Big West,D1,Dartmouth,dartmouth,Ivy,D1,2022,2022-23,,,2022-05-02,ENROLLMENT,2022-05-02,TRANSFER,2018-03-29,d1_big_west,Small Forward,78,210,OTHER,2018,FALSE,FALSE,TRUE,FALSE,,,https://www.verbalcommits.com/players/garrison-wade
"John Square, Jr.",john-square-jr,Cal State Fullerton,cal-state-fullerton,Big West,D1,Fairleigh Dickinson,fairleigh-dickinson,Northeast,D1,2022,2022-23,,,2022-06-10,ENROLLMENT,2022-06-10,TRANSFER,2020-04-10,d1_big_west,Power Forward,78,195,INELIGIBLE,2020,FALSE,FALSE,TRUE,FALSE,,,https://www.verbalcommits.com/players/john-square-jr
Keith Richard,keith-richard,Cal State Fullerton,cal-state-fullerton,Big West,D1,South Plains College,south-plains-college2,,JUCO,2022,2022-23,,,2022-06-30,ENROLLMENT,2022-06-30,ALL_SCHOOLS_ATTENDED,,juco_big_west,Point Guard,74,175,COLLEGE_SOPHOMORE,2023,TRUE,FALSE,TRUE,FALSE,,,https://www.verbalcommits.com/players/keith-richard
Max Jones,max-jones,Cal State Fullerton,cal-state-fullerton,Big West,D1,Tampa,tampa,SSC,D2,2022,2022-23,,,2022-05-22,ENROLLMENT,2022-05-22,TRANSFER,2019-12-29,d2_big_west,Shooting Guard,77,205,INELIGIBLE,2020,FALSE,FALSE,TRUE,TRUE,TRUE,reviewed_include,https://www.verbalcommits.com/players/max-jones
Zachary Visentin,zachary-visentin,Cal State Fullerton,cal-state-fullerton,Big West,D1,Snow College,snow-college2,,JUCO,2022,2022-23,,,2022-11-11,ENROLLMENT,2022-11-11,ALL_SCHOOLS_ATTENDED_EXTERNAL,2019-07-17,juco_big_west,Center,81,260,INELIGIBLE,2020,TRUE,FALSE,TRUE,FALSE,,,https://www.verbalcommits.com/players/zachary-visentin
DeSean Allen-Eikens,desean-allen-eikens,Cal State Northridge,cal-state-northridge,Big West,D1,New Orleans,new-orleans,Southland,D1,2022,2022-23,,,2022-05-16,ENROLLMENT,2022-05-16,TRANSFER,2021-04-17,d1_big_west,Shooting Guard,78,215,INELIGIBLE,2018,FALSE,TRUE,TRUE,FALSE,,,https://www.verbalcommits.com/players/desean-allen-eikens
Dearon Tucker,dearon-tucker2,Cal State Northridge,cal-state-northridge,Big West,D1,Indiana State,indiana-state,Missouri Valley,D1,2022,2022-23,,,2022-06-08,ENROLLMENT,2022-06-08,TRANSFER,2021-05-24,d1_big_west,Power Forward,82,240,INELIGIBLE,2019,FALSE,FALSE,TRUE,FALSE,,,https://www.verbalcommits.com/players/dearon-tucker2
Dionte Bostick,dionte-bostick,Cal State Northridge,cal-state-northridge,Big West,D1,Murray State,murray-state,Missouri Valley,D1,2022,2022-23,,,2022-05-24,ENROLLMENT,2022-05-24,TRANSFER,2019-04-30,d1_big_west,Point Guard,74,190,INELIGIBLE,2020,FALSE,FALSE,TRUE,FALSE,,,https://www.verbalcommits.com/players/dionte-bostick
Ethan Igbanugo,ethan-igbanugo,Cal State Northridge,cal-state-northridge,Big West,D1,North Dakota,north-dakota,Summit League,D1,2022,2022-23,,,2022-06-24,ENROLLMENT,2022-06-24,TRANSFER,2017-09-02,d1_big_west,Shooting Guard,74,185,OTHER,2017,FALSE,TRUE,TRUE,FALSE,,,https://www.verbalcommits.com/players/ethan-igbanugo
Matija Svetozarević,matija-svetozarevi,Hawaii,hawaii,Big West,D1,Portland,portland,West Coast,D1,2022,2022-23,,,2022-08-10,ENROLLMENT,2022-08-10,TRANSFER,2021-07-18,d1_big_west,Small Forward,79,215,INELIGIBLE,2021,FALSE,FALSE,TRUE,FALSE,,,https://www.verbalcommits.com/players/matija-svetozarevi
Ryan Rapp,ryan-rapp,Hawaii,hawaii,Big West,D1,Washington State,washington-state,PAC 12,D1,2022,2022-23,,,2022-05-22,ENROLLMENT,2022-05-22,TRANSFER,2019-05-15,d1_big_west,Shooting Guard,77,189,INELIGIBLE,2019,FALSE,FALSE,TRUE,FALSE,,,https://www.verbalcommits.com/players/ryan-rapp
Amari Stroud,amari-stroud,Long Beach State,long-beach-state,Big West,D1,Allan Hancock College,allan-hancock-college2,,JUCO,2022,2022-23,,,2022-01-21,ENROLLMENT,2022-01-21,ALL_SCHOOLS_ATTENDED_EXTERNAL,2018-06-21,juco_big_west,Power Forward,82,210,INELIGIBLE,2018,TRUE,TRUE,TRUE,TRUE,FALSE,reviewed_exclude,https://www.verbalcommits.com/players/amari-stroud
Chayce Polynice,chayce-polynice,Long Beach State,long-beach-state,Big West,D1,College of Southern Idaho,college-of-southern-idaho2,,JUCO,2022,2022-23,,,2022-04-14,ENROLLMENT,2022-04-14,ALL_SCHOOLS_ATTENDED,,juco_big_west,Center,83,230,INELIGIBLE,2019,TRUE,FALSE,TRUE,FALSE,,,https://www.verbalcommits.com/players/chayce-polynice
Lassina Traoré,lassina-traor,Long Beach State,long-beach-state,Big West,D1,Saint Louis,saint-louis,Atlantic 10,D1,2022,2022-23,,,2022-04-27,ENROLLMENT,2022-04-27,TRANSFER,2021-11-05,d1_big_west,Power Forward,81,245,COLLEGE_SENIOR,2021,FALSE,FALSE,TRUE,FALSE,,,https://www.verbalcommits.com/players/lassina-traor
Marcus Tsohonis,marcus-tsohonis,Long Beach State,long-beach-state,Big West,D1,VCU,vcu,Atlantic 10,D1,2022,2022-23,,,2022-05-01,ENROLLMENT,2022-05-01,TRANSFER,2021-04-17,d1_big_west,Shooting Guard,75,190,INELIGIBLE,2019,FALSE,FALSE,TRUE,FALSE,,,https://www.verbalcommits.com/players/marcus-tsohonis
Pablo Tamba,pablo-tamba,UC Davis,uc-davis,Big West,D1,Idaho State,idaho-state,Big Sky,D1,2022,2022-23,,,2023-04-26,ENROLLMENT,2023-04-26,TRANSFER,2021-07-01,d1_big_west,Shooting Guard,79,206,COLLEGE_SENIOR,2021,TRUE,FALSE,TRUE,FALSE,,,https://www.verbalcommits.com/players/pablo-tamba
Sam Manu,sam-manu,UC Davis,uc-davis,Big West,D1,College of San Mateo,college-of-san-mateo,,JUCO,2022,2022-23,,,2022-05-23,ENROLLMENT,2022-05-23,ALL_SCHOOLS_ATTENDED,,juco_big_west,Small Forward,79,210,INELIGIBLE,2019,TRUE,FALSE,TRUE,FALSE,,,https://www.verbalcommits.com/players/sam-manu
Ty Johnson,ty-johnson2,UC Davis,uc-davis,Big West,D1,Loyola Chicago,loyola-chicago,Atlantic 10,D1,2022,2022-23,,,2024-05-15,ENROLLMENT,2022-05-04,TRANSFER,2020-05-13,d1_big_west,Point Guard,75,190,INELIGIBLE,2021,FALSE,FALSE,TRUE,FALSE,,,https://www.verbalcommits.com/players/ty-johnson2
Pierre Crockrell II,pierre-crockrell-ii,UC Irvine,uc-irvine,Big West,D1,Pacific,pacific,West Coast,D1,2022,2022-23,,,2022-05-09,ENROLLMENT,2022-05-09,TRANSFER,2019-06-09,d1_big_west,Point Guard,72,175,INELIGIBLE,2019,FALSE,FALSE,TRUE,FALSE,,,https://www.verbalcommits.com/players/pierre-crockrell-ii
Isaiah Moses,isaiah-moses,UC Riverside,uc-riverside,Big West,D1,Alaska Anchorage,alaska-anchorage,GNAC,D2,2022,2022-23,,,2023-02-27,ENROLLMENT,2023-02-27,TRANSFER,2019-12-21,d2_big_west,Point Guard,72,165,COLLEGE_SENIOR,2020,TRUE,TRUE,TRUE,TRUE,FALSE,reviewed_exclude,https://www.verbalcommits.com/players/isaiah-moses
Jamal Hartwell II,jamal-hartwell-ii,UC Riverside,uc-riverside,Big West,D1,George Mason,george-mason,Atlantic 10,D1,2022,2022-23,,,2022-04-29,ENROLLMENT,2022-04-29,TRANSFER,2018-04-07,d1_big_west,Point Guard,70,155,OTHER,2018,FALSE,FALSE,TRUE,FALSE,,,https://www.verbalcommits.com/players/jamal-hartwell-ii
Kyle Owens,kyle-owens,UC Riverside,uc-riverside,Big West,D1,Montana,montana,Big Sky,D1,2022,2022-23,,,2022-04-11,ENROLLMENT,2022-04-11,TRANSFER,2018-10-07,d1_big_west,Small Forward,80,205,INELIGIBLE,2019,FALSE,FALSE,TRUE,FALSE,,,https://www.verbalcommits.com/players/kyle-owens
Luke Turner,luke-turner,UC Riverside,uc-riverside,Big West,D1,Wofford,wofford,Southern,D1,2022,2022-23,,,2022-04-13,ENROLLMENT,2022-04-13,TRANSFER,2021-04-25,d1_big_west,Small Forward,79,195,INELIGIBLE,2021,FALSE,FALSE,TRUE,FALSE,,,https://www.verbalcommits.com/players/luke-turner
Vlad Salaridze,vladimer-salaridze,UC Riverside,uc-riverside,Big West,D1,Eastern Florida State College,eastern-florida-state-college2,,JUCO,2022,2022-23,,,2022-07-21,ENROLLMENT,2022-07-21,ALL_SCHOOLS_ATTENDED,,juco_big_west,Small Forward,79,250,COLLEGE_SENIOR,2020,TRUE,FALSE,TRUE,FALSE,,,https://www.verbalcommits.com/players/vladimer-salaridze
Emmanuel Tshimanga,emmanuel-tshimanga,UC San Diego,uc-san-diego,Big West,D1,UC Irvine,uc-irvine,Big West,D1,2022,2022-23,,,2022-06-05,ENROLLMENT,2022-06-05,TRANSFER,2019-05-15,d1_big_west,Center,84,270,INELIGIBLE,2019,FALSE,TRUE,TRUE,FALSE,,,https://www.verbalcommits.com/players/emmanuel-tshimanga
Andre Kelly,andre-kelly,UC Santa Barbara,uc-santa-barbara,Big West,D1,California,california,PAC 12,D1,2022,2022-23,,,2022-05-04,ENROLLMENT,2022-05-04,TRANSFER,2017-05-26,d1_big_west,Power Forward,81,255,OTHER,2018,FALSE,FALSE,TRUE,FALSE,,,https://www.verbalcommits.com/players/andre-kelly
Evans Kipruto,evans-kipruto2,UC Santa Barbara,uc-santa-barbara,Big West,D1,Barton Community College,barton-community-college,,JUCO,2022,2022-23,,,2022-07-01,ENROLLMENT,2022-07-01,ALL_SCHOOLS_ATTENDED,,juco_big_west,Power Forward,80,240,COLLEGE_SENIOR,2020,TRUE,FALSE,TRUE,FALSE,,,https://www.verbalcommits.com/players/evans-kipruto2
Mezziah Oakman,mezziah-oakman,UC Santa Barbara,uc-santa-barbara,Big West,D1,City College of San Francisco,city-college-of-san-francisco2,,JUCO,2022,2022-23,,,2022-08-26,ENROLLMENT,2022-08-26,ALL_SCHOOLS_ATTENDED,,juco_big_west,Center,84,230,COLLEGE_SENIOR,2021,TRUE,FALSE,TRUE,FALSE,,,https://www.verbalcommits.com/players/mezziah-oakman
Cam Malray,cameron-malray,Cal Poly,cal-poly,Big West,D1,Dodge City Community College,dodge-city-community-college,,JUCO,2023,2023-24,,,2023-02-01,ENROLLMENT,2023-02-01,ALL_SCHOOLS_ATTENDED,,juco_big_west,Small Forward,81,0,COLLEGE_JUNIOR,2020,TRUE,FALSE,TRUE,FALSE,,,https://www.verbalcommits.com/players/cameron-malray
Jarred Hyder,jarred-hyder,Cal Poly,cal-poly,Big West,D1,California,california,PAC 12,D1,2023,2023-24,,,2024-08-29,ENROLLMENT,2023-04-24,TRANSFER,2020-04-25,d1_big_west,Point Guard,75,185,INELIGIBLE,2019,FALSE,FALSE,TRUE,FALSE,,,https://www.verbalcommits.com/players/jarred-hyder
Joel Armotrading,joel-armotrading,Cal Poly,cal-poly,Big West,D1,College of Southern Idaho,college-of-southern-idaho,,JUCO,2023,2023-24,,,2023-05-11,ENROLLMENT,2023-05-11,ALL_SCHOOLS_ATTENDED,,juco_big_west,Center,82,225,COLLEGE_SENIOR,2020,TRUE,FALSE,TRUE,FALSE,,,https://www.verbalcommits.com/players/joel-armotrading
Paul Bizimana,paul-bizimana,Cal Poly,cal-poly,Big West,D1,Eastern Illinois,eastern-illinois,Ohio Valley,D1,2023,2023-24,,,2023-06-24,ENROLLMENT,2023-06-24,TRANSFER,2021-04-27,d1_big_west,Power Forward,80,185,INELIGIBLE,2021,FALSE,FALSE,TRUE,FALSE,,,https://www.verbalcommits.com/players/paul-bizimana
C.J. Hardy,cj-hardy,Cal State Bakersfield,cal-state-bakersfield,Big West,D1,West Los Angeles College,west-los-angeles-college,,JUCO,2023,2023-24,,2023-09-21,,SIGNING,2023-09-21,ALL_SCHOOLS_ATTENDED,,juco_big_west,Point Guard,74,0,COLLEGE_SENIOR,2022,TRUE,FALSE,TRUE,FALSE,,,https://www.verbalcommits.com/players/cj-hardy
Cameron Clark,cam-clark,Cal State Bakersfield,cal-state-bakersfield,Big West,D1,College of the Sequoias,college-of-the-sequoias,,JUCO,2023,2023-24,,2023-08-05,,SIGNING,2023-08-05,ALL_SCHOOLS_ATTENDED,,juco_big_west,Center,82,225,COLLEGE_SENIOR,2022,TRUE,FALSE,TRUE,FALSE,,,https://www.verbalcommits.com/players/cam-clark
Cameron Wilbon,cameron-wilbon,Cal State Bakersfield,cal-state-bakersfield,Big West,D1,Sacramento State,sacramento-state,Big Sky,D1,2023,2023-24,,,2023-04-04,ENROLLMENT,2023-04-04,TRANSFER,2021-06-16,d1_big_west,Shooting Guard,77,200,INELIGIBLE,2018,FALSE,TRUE,TRUE,FALSE,,,https://www.verbalcommits.com/players/cameron-wilbon
Corey Stephenson,corey-stephenson,Cal State Bakersfield,cal-state-bakersfield,Big West,D1,Northeast Mississippi Community College,northeast-mississippi-community-college,,JUCO,2023,2023-24,,,2023-05-22,ENROLLMENT,2023-05-22,ALL_SCHOOLS_ATTENDED,,juco_big_west,Shooting Guard,78,220,COLLEGE_SENIOR,2022,TRUE,FALSE,TRUE,FALSE,,,https://www.verbalcommits.com/players/corey-stephenson
Fidelis Okereke,fidelis-okereke,Cal State Bakersfield,cal-state-bakersfield,Big West,D1,Cal State Northridge,cal-state-northridge,Big West,D1,2023,2023-24,,,2023-04-17,ENROLLMENT,2023-04-17,TRANSFER,2020-04-22,d1_big_west,Power Forward,78,240,INELIGIBLE,2020,FALSE,FALSE,TRUE,FALSE,,,https://www.verbalcommits.com/players/fidelis-okereke
Jaden Alexander,jaden-alexander,Cal State Bakersfield,cal-state-bakersfield,Big West,D1,New Mexico State,new-mexico-state,WAC,D1,2023,2023-24,,,2026-05-21,ENROLLMENT,2023-04-06,TRANSFER,2022-04-29,d1_big_west,Shooting Guard,76,190,COLLEGE_JUNIOR,2022,FALSE,TRUE,TRUE,FALSE,,,https://www.verbalcommits.com/players/jaden-alexander
Beril Kabamba,beril-kabamba2,Cal State Fullerton,cal-state-fullerton,Big West,D1,Spring Hill,spring-hill,SIAC,D2,2023,2023-24,,,2023-03-28,ENROLLMENT,2023-03-28,TRANSFER,2020-05-01,d2_big_west,Shooting Guard,78,220,INELIGIBLE,2020,FALSE,FALSE,TRUE,TRUE,TRUE,auto_include,https://www.verbalcommits.com/players/beril-kabamba2
Dominic Brewton,dominic-brewton,Cal State Fullerton,cal-state-fullerton,Big West,D1,Alcorn State,alcorn-state,SWAC,D1,2023,2023-24,,,2023-05-19,ENROLLMENT,2023-05-19,TRANSFER,2018-12-27,d1_big_west,Shooting Guard,75,185,INELIGIBLE,2019,TRUE,FALSE,TRUE,FALSE,,,https://www.verbalcommits.com/players/dominic-brewton
Donovan Oday,donovan-oday,Cal State Fullerton,cal-state-fullerton,Big West,D1,McNeese,mcneese,Southland,D1,2023,2023-24,,,2023-04-23,ENROLLMENT,2023-04-23,TRANSFER,2022-04-09,d1_big_west,Point Guard,74,195,COLLEGE_SENIOR,2022,FALSE,FALSE,TRUE,FALSE,,,https://www.verbalcommits.com/players/donovan-oday
Jalen Cooper,jalen-cooper,Cal State Fullerton,cal-state-fullerton,Big West,D1,Palm Beach Atlantic,palm-beach-atlantic,SSC,D2,2023,2023-24,,,2023-04-17,ENROLLMENT,2023-04-17,TRANSFER,2019-12-29,d2_big_west,Small Forward,78,195,COLLEGE_SENIOR,2020,FALSE,FALSE,TRUE,TRUE,TRUE,auto_include,https://www.verbalcommits.com/players/jalen-cooper
LoLo Rudolph,lolo-rudolph,Cal State Fullerton,cal-state-fullerton,Big West,D1,Hutchinson Community College,hutchinson-community-college2,,JUCO,2023,2023-24,,2023-09-16,,SIGNING,2023-09-16,ALL_SCHOOLS_ATTENDED,,juco_big_west,Point Guard,73,180,COLLEGE_SOPHOMORE,2024,TRUE,FALSE,TRUE,FALSE,,,https://www.verbalcommits.com/players/lolo-rudolph
B.J. Comer,bj-comer,Cal State Northridge,cal-state-northridge,Big West,D1,Ranger College,ranger-college2,,JUCO,2023,2023-24,,,2023-04-20,ENROLLMENT,2023-04-20,ENROLLMENT,2022-08-10,juco_big_west,Shooting Guard,76,170,COLLEGE_SENIOR,2020,TRUE,FALSE,TRUE,FALSE,,,https://www.verbalcommits.com/players/bj-comer
Gianni Hunt,gianni-hunt,Cal State Northridge,cal-state-northridge,Big West,D1,Sacramento State,sacramento-state,Big Sky,D1,2023,2023-24,,,2023-06-15,ENROLLMENT,2023-06-15,TRANSFER,2022-04-18,d1_big_west,Point Guard,76,190,COLLEGE_SENIOR,2019,FALSE,TRUE,TRUE,FALSE,,,https://www.verbalcommits.com/players/gianni-hunt
Jalen Barbee,jalen-barbee,Cal State Northridge,cal-state-northridge,Big West,D1,Cochise College,cochise-college,,JUCO,2023,2023-24,,2023-07-08,,SIGNING,2023-07-08,ALL_SCHOOLS_ATTENDED,,juco_big_west,Small Forward,78,0,COLLEGE_SENIOR,2022,TRUE,FALSE,TRUE,FALSE,,,https://www.verbalcommits.com/players/jalen-barbee
Jared Barnett,jared-barnett2,Cal State Northridge,cal-state-northridge,Big West,D1,San Diego State,san-diego-state,Mountain West,D1,2023,2023-24,,,2023-08-05,ENROLLMENT,2023-08-05,TRANSFER,2019-10-17,d1_big_west,Point Guard,73,155,INELIGIBLE,2019,FALSE,FALSE,TRUE,FALSE,,,https://www.verbalcommits.com/players/jared-barnett2
Jasman Sangha,jasman-sangha,Cal State Northridge,cal-state-northridge,Big West,D1,Texas A&M–Corpus Christi,texas-a-m–corpus-christi,Southland,D1,2023,2023-24,,,2023-08-09,ENROLLMENT,2023-08-09,TRANSFER,2021-04-24,d1_big_west,Power Forward,80,225,INELIGIBLE,2019,TRUE,TRUE,TRUE,FALSE,,,https://www.verbalcommits.com/players/jasman-sangha
Jordan Brinson,jordan-brinson,Cal State Northridge,cal-state-northridge,Big West,D1,Fresno State,fresno-state,Mountain West,D1,2023,2023-24,,,2023-06-15,ENROLLMENT,2023-06-15,TRANSFER,2022-03-16,d1_big_west,Shooting Guard,75,175,COLLEGE_SENIOR,2019,TRUE,FALSE,TRUE,FALSE,,,https://www.verbalcommits.com/players/jordan-brinson
Keonte Jones,keonte-jones,Cal State Northridge,cal-state-northridge,Big West,D1,Midland College,midland-college2,,JUCO,2023,2023-24,,,2023-05-12,ENROLLMENT,2023-05-12,ALL_SCHOOLS_ATTENDED,,juco_big_west,Small Forward,78,192,COLLEGE_SENIOR,2020,TRUE,FALSE,TRUE,FALSE,,,https://www.verbalcommits.com/players/keonte-jones
Mahmoud Fofana,mahmoud-fofana,Cal State Northridge,cal-state-northridge,Big West,D1,Cal State San Bernardino,cal-state-san-bernardino,CCAA,D2,2023,2023-24,,2025-07-08,2025-09-20,ENROLLMENT,2023-04-30,TRANSFER,2022-10-23,d2_big_west,Small Forward,78,185,COLLEGE_SENIOR,2020,TRUE,FALSE,TRUE,TRUE,TRUE,reviewed_include,https://www.verbalcommits.com/players/mahmoud-fofana
Noah Williams,noah-williams2,Cal State Northridge,cal-state-northridge,Big West,D1,Barton Community College,barton-community-college,,JUCO,2023,2023-24,,2023-11-15,,SIGNING,2023-11-15,ALL_SCHOOLS_ATTENDED,,juco_big_west,Power Forward,80,215,COLLEGE_FRESHMAN,2024,FALSE,FALSE,TRUE,FALSE,,,https://www.verbalcommits.com/players/noah-williams2
P.J. Fuller II,pj-fuller,Cal State Northridge,cal-state-northridge,Big West,D1,Washington,washington,PAC 12,D1,2023,2023-24,,2024-05-01,2024-09-20,SIGNING,2024-05-01,TRANSFER,2021-05-18,d1_big_west,Point Guard,76,175,INELIGIBLE,2019,FALSE,FALSE,TRUE,FALSE,,,https://www.verbalcommits.com/players/pj-fuller
Quincy McGriff,quincy-mcgriff,Cal State Northridge,cal-state-northridge,Big West,D1,Duquesne,duquesne,Atlantic 10,D1,2023,2023-24,,,2023-06-11,ENROLLMENT,2023-06-11,TRANSFER,2022-03-21,d1_big_west,Shooting Guard,78,200,COLLEGE_SENIOR,2020,TRUE,FALSE,TRUE,FALSE,,,https://www.verbalcommits.com/players/quincy-mcgriff
Justin McKoy,justin-mckoy,Hawaii,hawaii,Big West,D1,North Carolina,north-carolina,ACC,D1,2023,2023-24,,,2023-04-05,ENROLLMENT,2023-04-05,TRANSFER,2021-04-10,d1_big_west,Power Forward,80,220,INELIGIBLE,2019,FALSE,FALSE,TRUE,FALSE,,,https://www.verbalcommits.com/players/justin-mckoy
Matthue Cotton,matthue-cotton,Hawaii,hawaii,Big West,D1,Yale,yale,Ivy,D1,2023,2023-24,,,2023-02-19,ENROLLMENT,2023-02-19,TRANSFER,2017-07-15,d1_big_west,Shooting Guard,77,200,INELIGIBLE,2018,FALSE,TRUE,TRUE,FALSE,,,https://www.verbalcommits.com/players/matthue-cotton
Austin Johnson,austin-johnson2,Long Beach State,long-beach-state,Big West,D1,North Carolina A&T,north-carolina-a-t,Colonial,D1,2023,2023-24,,,2024-05-21,ENROLLMENT,2024-05-21,TRANSFER,2022-05-02,d1_big_west,Power Forward,81,235,INELIGIBLE,2019,FALSE,FALSE,TRUE,FALSE,,,https://www.verbalcommits.com/players/austin-johnson2
Isa Silva,isael-silva,Long Beach State,long-beach-state,Big West,D1,Stanford,stanford,PAC 12,D1,2023,2023-24,,,2023-05-03,ENROLLMENT,2023-05-03,TRANSFER,2019-06-09,d1_big_west,Point Guard,76,190,COLLEGE_SENIOR,2021,FALSE,FALSE,TRUE,FALSE,,,https://www.verbalcommits.com/players/isael-silva
Messiah Thompson,messiah-thompson,Long Beach State,long-beach-state,Big West,D1,Alabama A&M,alabama-a-m,SWAC,D1,2023,2023-24,,,2023-05-13,ENROLLMENT,2023-05-13,TRANSFER,2022-06-13,d1_big_west,Point Guard,68,170,INELIGIBLE,2019,FALSE,FALSE,TRUE,FALSE,,,https://www.verbalcommits.com/players/messiah-thompson
Drew Carter,drew-carter,UC Davis,uc-davis,Big West,D1,Colorado,colorado,PAC 12,D1,2023,2023-24,,,2023-07-07,ENROLLMENT,2023-07-07,TRANSFER,2020-07-26,d1_big_west,Shooting Guard,75,195,COLLEGE_SENIOR,2021,FALSE,TRUE,TRUE,FALSE,,,https://www.verbalcommits.com/players/drew-carter
Marsalis Roberson,marsalis-roberson,UC Davis,uc-davis,Big West,D1,California,california,PAC 12,D1,2023,2023-24,,,2023-05-26,ENROLLMENT,2023-05-26,TRANSFER,2020-06-07,d1_big_west,Shooting Guard,78,200,COLLEGE_SENIOR,2021,FALSE,FALSE,TRUE,FALSE,,,https://www.verbalcommits.com/players/marsalis-roberson
Ben Griscti,benjamin-griscti,UC Riverside,uc-riverside,Big West,D1,Incarnate Word,incarnate-word,Southland,D1,2023,2023-24,,,2023-04-30,ENROLLMENT,2023-04-30,TRANSFER,2021-04-21,d1_big_west,Power Forward,83,220,INELIGIBLE,2021,FALSE,FALSE,TRUE,FALSE,,,https://www.verbalcommits.com/players/benjamin-griscti
Chip Brunt,chris-brunt,UC Riverside,uc-riverside,Big West,D1,Gulf Coast State College,gulf-coast-state-college2,,JUCO,2023,2023-24,,,2023-06-30,ENROLLMENT,2023-06-30,ALL_SCHOOLS_ATTENDED,,juco_big_west,Shooting Guard,77,165,COLLEGE_JUNIOR,2023,TRUE,FALSE,TRUE,FALSE,,,https://www.verbalcommits.com/players/chris-brunt
Clancy Bird,clancy-bird,UC Riverside,uc-riverside,Big West,D1,Seattle,seattle,WAC,D1,2023,2023-24,,,2023-09-06,ENROLLMENT,2023-09-06,TRANSFER,2021-01-19,d1_big_west,Power Forward,81,200,COLLEGE_SENIOR,2021,FALSE,TRUE,TRUE,FALSE,,,https://www.verbalcommits.com/players/clancy-bird
Gavin Davis,gavin-davis,UC Riverside,uc-riverside,Big West,D1,West Los Angeles College,west-los-angeles-college,,JUCO,2023,2023-24,,,2023-03-27,ENROLLMENT,2023-03-27,ALL_SCHOOLS_ATTENDED,,juco_big_west,Shooting Guard,78,180,COLLEGE_SENIOR,2020,TRUE,FALSE,TRUE,FALSE,,,https://www.verbalcommits.com/players/gavin-davis
Aniwaniwa Tait-Jones,aniwaniwa-tait-jones,UC San Diego,uc-san-diego,Big West,D1,Hawaii–Hilo,hawaii–hilo,PacWest,D2,2023,2023-24,,,2023-05-07,ENROLLMENT,2023-05-07,TRANSFER,2020-07-18,d2_big_west,Small Forward,78,205,INELIGIBLE,2020,FALSE,FALSE,TRUE,TRUE,TRUE,auto_include,https://www.verbalcommits.com/players/aniwaniwa-tait-jones
Hayden Gray,hayden-gray,UC San Diego,uc-san-diego,Big West,D1,Azusa Pacific,azusa-pacific,PacWest,D2,2023,2023-24,,,2023-06-22,ENROLLMENT,2023-06-22,TRANSFER,2021-01-26,d2_big_west,Point Guard,76,185,INELIGIBLE,2021,FALSE,FALSE,TRUE,TRUE,TRUE,auto_include,https://www.verbalcommits.com/players/hayden-gray
Tyler McGhie,tyler-mcghie,UC San Diego,uc-san-diego,Big West,D1,Southern Nazarene,southern-nazarene,GAC,D2,2023,2023-24,,,2023-05-14,ENROLLMENT,2023-05-14,TRANSFER,2021-05-24,d2_big_west,Shooting Guard,77,190,INELIGIBLE,2020,FALSE,FALSE,TRUE,TRUE,TRUE,auto_include,https://www.verbalcommits.com/players/tyler-mcghie
Ben Shtolzberg,ben-shtolzberg,UC Santa Barbara,uc-santa-barbara,Big West,D1,Creighton,creighton,Big East,D1,2023,2023-24,,,2023-04-12,ENROLLMENT,2023-04-12,TRANSFER,2021-05-28,d1_big_west,Point Guard,76,196,COLLEGE_SENIOR,2022,FALSE,FALSE,TRUE,FALSE,,,https://www.verbalcommits.com/players/ben-shtolzberg
Yohan Traore,yohan-traore,UC Santa Barbara,uc-santa-barbara,Big West,D1,Auburn,auburn,SEC,D1,2023,2023-24,,,2023-04-21,ENROLLMENT,2023-04-21,TRANSFER,2022-04-01,d1_big_west,Power Forward,83,225,COLLEGE_SENIOR,2022,FALSE,FALSE,TRUE,FALSE,,,https://www.verbalcommits.com/players/yohan-traore
Ethan Menzies,ethan-menzies,Cal Poly,cal-poly,Big West,D1,Colorado Mesa,colorado-mesa,RMAC,D2,2024,2024-25,,2024-05-29,2024-09-20,SIGNING,2024-05-29,TRANSFER,2024-03-26,d2_big_west,Power Forward,79,215,INELIGIBLE,2019,FALSE,TRUE,TRUE,TRUE,TRUE,auto_include,https://www.verbalcommits.com/players/ethan-menzies
Guzmán Vasilić,guzmn-vasili,Cal Poly,cal-poly,Big West,D1,Southeastern Oklahoma State,southeastern-oklahoma-state,GAC,D2,2024,2024-25,2024-05-03,2024-08-20,2024-09-20,COMMITMENT,2024-05-03,TRANSFER,2024-04-10,d2_big_west,Shooting Guard,76,200,COLLEGE_SOPHOMORE,2023,FALSE,FALSE,TRUE,TRUE,TRUE,auto_include,https://www.verbalcommits.com/players/guzmn-vasili
Isaac Jessup,isaac-jessup,Cal Poly,cal-poly,Big West,D1,Colorado Mesa,colorado-mesa,RMAC,D2,2024,2024-25,,2024-06-05,2024-09-20,SIGNING,2024-06-05,TRANSFER,2024-03-27,d2_big_west,Shooting Guard,74,194,INELIGIBLE,2020,FALSE,FALSE,TRUE,TRUE,TRUE,auto_include,https://www.verbalcommits.com/players/isaac-jessup
Kieran Elliott,kieran-elliott,Cal Poly,cal-poly,Big West,D1,West Texas A&M,west-texas-a-m,LSC,D2,2024,2024-25,2024-05-07,2024-08-20,2024-09-20,COMMITMENT,2024-05-07,TRANSFER,2024-04-09,d2_big_west,Power Forward,79,0,COLLEGE_JUNIOR,2023,FALSE,FALSE,TRUE,TRUE,TRUE,auto_include,https://www.verbalcommits.com/players/kieran-elliott
Luka Tarlać,luka-tarla,Cal Poly,cal-poly,Big West,D1,Utah,utah,PAC 12,D1,2024,2024-25,,2024-06-25,2024-09-20,SIGNING,2024-06-25,TRANSFER,2024-04-12,d1_big_west,Shooting Guard,79,211,COLLEGE_SENIOR,2022,FALSE,FALSE,TRUE,FALSE,,,https://www.verbalcommits.com/players/luka-tarla
Mac Riniker,mac-riniker,Cal Poly,cal-poly,Big West,D1,Colorado Mesa,colorado-mesa,RMAC,D2,2024,2024-25,,2024-06-14,2024-09-20,SIGNING,2024-06-14,TRANSFER,2024-03-27,d2_big_west,Shooting Guard,77,210,INELIGIBLE,2019,FALSE,TRUE,TRUE,TRUE,TRUE,auto_include,https://www.verbalcommits.com/players/mac-riniker
Owen Koonce,owen-koonce,Cal Poly,cal-poly,Big West,D1,Colorado Mesa,colorado-mesa,RMAC,D2,2024,2024-25,,2024-06-04,2024-09-20,SIGNING,2024-06-04,TRANSFER,2024-03-27,d2_big_west,Shooting Guard,77,195,INELIGIBLE,2020,FALSE,FALSE,TRUE,TRUE,TRUE,auto_include,https://www.verbalcommits.com/players/owen-koonce
Dylan Purnell,dylan-purnell,Cal State Bakersfield,cal-state-bakersfield,Big West,D1,South Plains College,south-plains-college2,,JUCO,2024,2024-25,2024-10-24,2024-11-14,,COMMITMENT,2024-10-24,ENROLLMENT,2024-09-01,juco_big_west,Shooting Guard,77,0,COLLEGE_SOPHOMORE,2024,TRUE,FALSE,TRUE,FALSE,,,https://www.verbalcommits.com/players/dylan-purnell
Gloire Goma,gloire-goma,Cal State Bakersfield,cal-state-bakersfield,Big West,D1,Clarendon College,clarendon-college,,JUCO,2024,2024-25,2024-04-27,2024-05-03,2024-09-20,COMMITMENT,2024-04-27,ALL_SCHOOLS_ATTENDED,,juco_big_west,Small Forward,79,0,COLLEGE_JUNIOR,2023,FALSE,FALSE,TRUE,FALSE,,,https://www.verbalcommits.com/players/gloire-goma
Jemel Jones,jemel-jones,Cal State Bakersfield,cal-state-bakersfield,Big West,D1,South Suburban College,south-suburban-college,,JUCO,2024,2024-25,,2024-05-08,2024-09-20,SIGNING,2024-05-08,ENROLLMENT,2023-09-09,juco_big_west,Shooting Guard,76,165,COLLEGE_SENIOR,2021,TRUE,FALSE,TRUE,FALSE,,,https://www.verbalcommits.com/players/jemel-jones
Marvin McGhee IV,marvin-mcghee-iv,Cal State Bakersfield,cal-state-bakersfield,Big West,D1,Bishop State Community College,bishop-state-community-college,,JUCO,2024,2024-25,2024-05-03,2024-08-20,2024-09-20,COMMITMENT,2024-05-03,ALL_SCHOOLS_ATTENDED,,juco_big_west,Shooting Guard,79,200,COLLEGE_JUNIOR,2023,TRUE,FALSE,TRUE,FALSE,,,https://www.verbalcommits.com/players/marvin-mcghee-iv
Shakiru Odunewu,shakiru-odunewu,Cal State Bakersfield,cal-state-bakersfield,Big West,D1,West Valley College,west-valley-college,,JUCO,2024,2024-25,2024-04-18,2024-08-20,2024-09-20,COMMITMENT,2024-04-18,ENROLLMENT,2023-09-19,juco_big_west,Center,83,255,COLLEGE_JUNIOR,2021,TRUE,FALSE,TRUE,FALSE,,,https://www.verbalcommits.com/players/shakiru-odunewu
Freddie Cooper,freddie-cooper,Cal State Fullerton,cal-state-fullerton,Big West,D1,Moberly Area Community College,moberly-area-community-college2,,JUCO,2024,2024-25,2024-05-06,2024-05-15,2024-09-20,COMMITMENT,2024-05-06,ENROLLMENT,2022-09-01,juco_big_west,Shooting Guard,74,180,COLLEGE_SENIOR,2022,TRUE,FALSE,TRUE,FALSE,,,https://www.verbalcommits.com/players/freddie-cooper
Kaleb Brown,kaleb-brown,Cal State Fullerton,cal-state-fullerton,Big West,D1,Missouri,missouri,SEC,D1,2024,2024-25,2024-06-03,2024-08-20,2024-09-20,COMMITMENT,2024-06-03,TRANSFER,2024-04-23,d1_big_west,Point Guard,79,245,COLLEGE_SENIOR,2021,FALSE,FALSE,TRUE,FALSE,,,https://www.verbalcommits.com/players/kaleb-brown
Kobe Young,kobe-young,Cal State Fullerton,cal-state-fullerton,Big West,D1,Boise State,boise-state,Mountain West,D1,2024,2024-25,2024-04-30,2024-08-20,2024-09-20,COMMITMENT,2024-04-30,TRANSFER,2024-04-02,d1_big_west,Shooting Guard,78,204,COLLEGE_SENIOR,2021,FALSE,TRUE,TRUE,FALSE,,,https://www.verbalcommits.com/players/kobe-young
Yesan Warren,yesan-warren,Cal State Fullerton,cal-state-fullerton,Big West,D1,Frank Phillips College,frank-phillips-college2,,JUCO,2024,2024-25,2024-10-27,2024-11-20,,COMMITMENT,2024-10-27,ENROLLMENT,2024-05-13,juco_big_west,Point Guard,75,185,COLLEGE_SOPHOMORE,2024,TRUE,FALSE,TRUE,FALSE,,,https://www.verbalcommits.com/players/yesan-warren
Zion Richardson,zion-richardson,Cal State Fullerton,cal-state-fullerton,Big West,D1,Quincy,quincy,GLVC,D2,2024,2024-25,2024-05-10,,,COMMITMENT,2024-05-10,TRANSFER,2024-03-08,d2_big_west,Shooting Guard,76,208,INELIGIBLE,2019,TRUE,FALSE,TRUE,TRUE,TRUE,reviewed_include,https://www.verbalcommits.com/players/zion-richardson
Festus Ndumanya,festus-ndumanya,Cal State Northridge,cal-state-northridge,Big West,D1,Southern,southern,SWAC,D1,2024,2024-25,,2024-07-18,2024-09-11,SIGNING,2024-07-18,TRANSFER,2024-04-02,d1_big_west,Power Forward,79,225,INELIGIBLE,2019,TRUE,FALSE,TRUE,FALSE,,,https://www.verbalcommits.com/players/festus-ndumanya
Grady Lewis,grady-lewis,Cal State Northridge,cal-state-northridge,Big West,D1,Cal State East Bay,cal-state-east-bay,CCAA,D2,2024,2024-25,2024-04-20,2024-04-23,2024-09-20,COMMITMENT,2024-04-20,TRANSFER,2024-03-14,d2_big_west,Center,81,225,COLLEGE_SENIOR,2021,FALSE,TRUE,TRUE,TRUE,TRUE,auto_include,https://www.verbalcommits.com/players/grady-lewis
Judson Martindale,judson-martindale,Cal State Northridge,cal-state-northridge,Big West,D1,Pacific,pacific,West Coast,D1,2024,2024-25,,2024-05-02,2024-09-20,SIGNING,2024-05-02,TRANSFER,2024-03-18,d1_big_west,Shooting Guard,79,210,INELIGIBLE,2020,FALSE,FALSE,TRUE,FALSE,,,https://www.verbalcommits.com/players/judson-martindale
"Marcus Adams, Jr.",marcus-adams-jr,Cal State Northridge,cal-state-northridge,Big West,D1,Brigham Young,brigham-young,Big XII,D1,2024,2024-25,2024-05-10,2024-08-20,2024-09-20,COMMITMENT,2024-05-10,TRANSFER,2024-03-25,d1_big_west,Small Forward,80,195,COLLEGE_SOPHOMORE,2023,FALSE,FALSE,TRUE,FALSE,,,https://www.verbalcommits.com/players/marcus-adams-jr
Scotty Washington,scotty-washington,Cal State Northridge,cal-state-northridge,Big West,D1,California Baptist,california-baptist,WAC,D1,2024,2024-25,2024-04-17,2024-04-22,2024-09-20,COMMITMENT,2024-04-17,TRANSFER,2024-03-18,d1_big_west,Shooting Guard,76,180,COLLEGE_SENIOR,2021,FALSE,TRUE,TRUE,FALSE,,,https://www.verbalcommits.com/players/scotty-washington
Tyler Beard,tyler-beard,Cal State Northridge,cal-state-northridge,Big West,D1,Pacific,pacific,West Coast,D1,2024,2024-25,,2024-04-30,2024-09-20,SIGNING,2024-04-30,TRANSFER,2024-03-20,d1_big_west,Point Guard,74,180,INELIGIBLE,2021,FALSE,FALSE,TRUE,FALSE,,,https://www.verbalcommits.com/players/tyler-beard
Gytis Nemeikša,gytis-nemeika,Hawaii,hawaii,Big West,D1,Xavier,xavier,Big East,D1,2024,2024-25,2024-06-28,2024-08-20,2024-09-20,COMMITMENT,2024-06-28,TRANSFER,2024-03-26,d1_big_west,Small Forward,79,203,COLLEGE_JUNIOR,2023,FALSE,FALSE,TRUE,FALSE,,,https://www.verbalcommits.com/players/gytis-nemeika
Jerome Palm,jerome-palm,Hawaii,hawaii,Big West,D1,Valparaiso,valparaiso,Missouri Valley,D1,2024,2024-25,2024-08-01,2024-08-20,2024-09-20,COMMITMENT,2024-08-01,TRANSFER,2024-04-30,d1_big_west,Power Forward,82,220,COLLEGE_SENIOR,2020,TRUE,FALSE,TRUE,FALSE,,,https://www.verbalcommits.com/players/jerome-palm
Marcus Greene,marcus-greene2,Hawaii,hawaii,Big West,D1,Houston Christian,houston-christian,Southland,D1,2024,2024-25,2024-05-02,,,COMMITMENT,2024-05-02,TRANSFER,2024-03-08,d1_big_west,Point Guard,74,185,COLLEGE_SENIOR,2021,TRUE,FALSE,TRUE,FALSE,,,https://www.verbalcommits.com/players/marcus-greene2
Tanner Christensen,tanner-christensen,Hawaii,hawaii,Big West,D1,Utah Tech,utah-tech,WAC,D1,2024,2024-25,2024-04-01,2024-08-20,2024-09-20,COMMITMENT,2024-04-01,TRANSFER,2024-03-18,d1_big_west,Center,82,260,INELIGIBLE,2020,FALSE,FALSE,TRUE,FALSE,,,https://www.verbalcommits.com/players/tanner-christensen
Cam Denson,cam-denson,Long Beach State,long-beach-state,Big West,D1,Pacific,pacific,West Coast,D1,2024,2024-25,2024-05-08,2024-08-20,2024-09-20,COMMITMENT,2024-05-08,TRANSFER,2024-03-20,d1_big_west,Shooting Guard,79,210,COLLEGE_SENIOR,2020,TRUE,FALSE,TRUE,FALSE,,,https://www.verbalcommits.com/players/cam-denson
Christian Richardson,christian-richardson,Long Beach State,long-beach-state,Big West,D1,Butler Community College,butler-community-college,,JUCO,2024,2024-25,2024-05-04,2024-08-20,2024-09-20,COMMITMENT,2024-05-04,ALL_SCHOOLS_ATTENDED,,juco_big_west,Center,84,225,COLLEGE_SENIOR,2022,TRUE,FALSE,TRUE,FALSE,,,https://www.verbalcommits.com/players/christian-richardson
"Cory Curtis, Jr.",cory-curtis-jr,Long Beach State,long-beach-state,Big West,D1,Independence Community College,independence-community-college2,,JUCO,2024,2024-25,2024-06-14,2024-08-20,2024-09-20,COMMITMENT,2024-06-14,ENROLLMENT,2023-09-01,juco_big_west,Shooting Guard,76,175,COLLEGE_JUNIOR,2022,TRUE,FALSE,TRUE,FALSE,,,https://www.verbalcommits.com/players/cory-curtis-jr
Derrick Michael Xzavierro,derrick-michael-xzavierro,Long Beach State,long-beach-state,Big West,D1,GCU,gcu,WAC,D1,2024,2024-25,2024-04-27,2024-08-20,2024-09-20,COMMITMENT,2024-04-27,TRANSFER,2024-04-05,d1_big_west,Small Forward,82,220,COLLEGE_JUNIOR,2022,FALSE,TRUE,TRUE,FALSE,,,https://www.verbalcommits.com/players/derrick-michael-xzavierro
Devin Askew,devin-askew,Long Beach State,long-beach-state,Big West,D1,California,california,PAC 12,D1,2024,2024-25,2024-04-27,2024-08-20,2024-09-20,COMMITMENT,2024-04-27,TRANSFER,2024-03-18,d1_big_west,Point Guard,77,195,COLLEGE_SENIOR,2020,FALSE,FALSE,TRUE,FALSE,,,https://www.verbalcommits.com/players/devin-askew
"Ramel Lloyd, Jr.",ramel-lloyd-jr,Long Beach State,long-beach-state,Big West,D1,Nebraska,nebraska,Big Ten,D1,2024,2024-25,2024-05-02,2024-08-20,2024-09-20,COMMITMENT,2024-05-02,TRANSFER,2024-03-25,d1_big_west,Point Guard,78,190,COLLEGE_JUNIOR,2022,FALSE,TRUE,TRUE,FALSE,,,https://www.verbalcommits.com/players/ramel-lloyd-jr
T.J. Wainwright,tj-wainwright,Long Beach State,long-beach-state,Big West,D1,Robert Morris,robert-morris,Horizon,D1,2024,2024-25,2024-05-07,2024-08-20,2024-09-20,COMMITMENT,2024-05-07,TRANSFER,2024-04-16,d1_big_west,Shooting Guard,75,180,COLLEGE_SENIOR,2022,FALSE,FALSE,TRUE,FALSE,,,https://www.verbalcommits.com/players/tj-wainwright
"Carl Daughtery, Jr.",carl-daughtery-jr,UC Davis,uc-davis,Big West,D1,Central Arkansas,central-arkansas,ASUN,D1,2024,2024-25,2024-06-14,2024-08-20,2024-09-20,COMMITMENT,2024-06-14,TRANSFER,2024-03-25,d1_big_west,Shooting Guard,75,170,COLLEGE_SENIOR,2022,FALSE,FALSE,TRUE,FALSE,,,https://www.verbalcommits.com/players/carl-daughtery-jr
Derek Sangster,derek-sangster,UC Davis,uc-davis,Big West,D1,Princeton,princeton,Ivy,D1,2024,2024-25,,2024-08-01,2024-09-20,SIGNING,2024-08-01,TRANSFER,2024-04-19,d1_big_west,Small Forward,79,0,COLLEGE_JUNIOR,2023,FALSE,FALSE,TRUE,FALSE,,,https://www.verbalcommits.com/players/derek-sangster
Jamaal Unuakhalu,jamal-unuakhalu,UC Davis,uc-davis,Big West,D1,Moorpark College,moorpark-college,,JUCO,2024,2024-25,2024-05-22,2024-08-20,2024-09-20,COMMITMENT,2024-05-22,ENROLLMENT,2022-09-01,juco_big_west,Power Forward,79,0,COLLEGE_SENIOR,2022,TRUE,FALSE,TRUE,FALSE,,,https://www.verbalcommits.com/players/jamal-unuakhalu
Nils Cooper,nils-cooper,UC Davis,uc-davis,Big West,D1,Pepperdine,pepperdine,West Coast,D1,2024,2024-25,,2024-04-23,2024-09-20,SIGNING,2024-04-23,TRANSFER,2024-03-14,d1_big_west,Shooting Guard,77,180,COLLEGE_JUNIOR,2023,FALSE,FALSE,TRUE,FALSE,,,https://www.verbalcommits.com/players/nils-cooper
Kyle Evans,kyle-evans,UC Irvine,uc-irvine,Big West,D1,Colorado State,colorado-state,Mountain West,D1,2024,2024-25,2024-04-25,2024-08-20,2024-09-20,COMMITMENT,2024-04-25,TRANSFER,2024-04-12,d1_big_west,Power Forward,82,200,COLLEGE_JUNIOR,2022,FALSE,FALSE,TRUE,FALSE,,,https://www.verbalcommits.com/players/kyle-evans
Myles Che,myles-che,UC Irvine,uc-irvine,Big West,D1,Chattanooga,chattanooga,Southern,D1,2024,2024-25,2024-05-01,2024-08-20,2024-09-20,COMMITMENT,2024-05-01,TRANSFER,2024-03-21,d1_big_west,Point Guard,75,190,COLLEGE_JUNIOR,2023,FALSE,FALSE,TRUE,FALSE,,,https://www.verbalcommits.com/players/myles-che
Joel Armotrading,joel-armotrading,UC Riverside,uc-riverside,Big West,D1,Cal Poly,cal-poly,Big West,D1,2024,2024-25,2024-04-17,2024-08-20,2024-09-20,COMMITMENT,2024-04-17,TRANSFER,2024-03-18,d1_big_west,Center,82,225,COLLEGE_SENIOR,2020,TRUE,FALSE,TRUE,FALSE,,,https://www.verbalcommits.com/players/joel-armotrading
Parker Strauss,parker-strauss,UC Riverside,uc-riverside,Big West,D1,Northwestern,northwestern,Big Ten,D1,2024,2024-25,2024-04-19,2024-08-20,2024-09-20,COMMITMENT,2024-04-19,TRANSFER,2024-04-03,d1_big_west,Shooting Guard,76,175,COLLEGE_SOPHOMORE,2023,FALSE,FALSE,TRUE,FALSE,,,https://www.verbalcommits.com/players/parker-strauss
Rikus Schulte,rikus-schulte,UC Riverside,uc-riverside,Big West,D1,Davidson,davidson,Atlantic 10,D1,2024,2024-25,,,2024-09-18,ENROLLMENT,2024-09-18,TRANSFER,2024-03-18,d1_big_west,Power Forward,81,0,COLLEGE_JUNIOR,2023,FALSE,FALSE,TRUE,FALSE,,,https://www.verbalcommits.com/players/rikus-schulte
Chris Howell,chris-howell,UC San Diego,uc-san-diego,Big West,D1,Saint Mary's,saint-marys,West Coast,D1,2024,2024-25,2024-04-24,2024-08-20,2024-09-20,COMMITMENT,2024-04-24,TRANSFER,2024-04-10,d1_big_west,Point Guard,78,195,COLLEGE_JUNIOR,2021,FALSE,TRUE,TRUE,FALSE,,,https://www.verbalcommits.com/players/chris-howell
Justin Rochelin,justin-rochelin,UC San Diego,uc-san-diego,Big West,D1,Oregon State,oregon-state,PAC 12,D1,2024,2024-25,,2024-06-13,2024-09-20,SIGNING,2024-06-13,TRANSFER,2024-03-25,d1_big_west,Shooting Guard,77,190,COLLEGE_SENIOR,2021,FALSE,FALSE,TRUE,FALSE,,,https://www.verbalcommits.com/players/justin-rochelin
Maximo Milovich,maximo-milovich,UC San Diego,uc-san-diego,Big West,D1,Biola,biola,PacWest,D2,2024,2024-25,,2024-07-29,2024-09-20,SIGNING,2024-07-29,TRANSFER,2024-03-19,d2_big_west,Center,80,213,COLLEGE_SENIOR,2020,FALSE,TRUE,TRUE,TRUE,TRUE,auto_include,https://www.verbalcommits.com/players/maximo-milovich
Miloš Vićentić,milo-vienti,UC San Diego,uc-san-diego,Big West,D1,McKendree,mckendree,GLVC,D2,2024,2024-25,2024-04-22,2024-08-20,2024-09-20,COMMITMENT,2024-04-22,TRANSFER,2024-03-11,d2_big_west,Small Forward,79,200,COLLEGE_SENIOR,2020,FALSE,FALSE,TRUE,TRUE,TRUE,auto_include,https://www.verbalcommits.com/players/milo-vienti
Nordin Kapić,nordin-kapi,UC San Diego,uc-san-diego,Big West,D1,Lynn,lynn,SSC,D2,2024,2024-25,2024-04-19,2024-08-20,2024-09-20,COMMITMENT,2024-04-19,TRANSFER,2024-03-12,d2_big_west,Power Forward,80,240,COLLEGE_SENIOR,2022,FALSE,FALSE,TRUE,TRUE,TRUE,auto_include,https://www.verbalcommits.com/players/nordin-kapi
Colin Smith,colin-smith,UC Santa Barbara,uc-santa-barbara,Big West,D1,Vanderbilt,vanderbilt,SEC,D1,2024,2024-25,2024-05-06,2024-08-20,2024-09-20,COMMITMENT,2024-05-06,TRANSFER,2024-03-17,d1_big_west,Small Forward,80,210,COLLEGE_JUNIOR,2022,FALSE,FALSE,TRUE,FALSE,,,https://www.verbalcommits.com/players/colin-smith
Kenny Pohto,kenny-pohto,UC Santa Barbara,uc-santa-barbara,Big West,D1,Wichita State,wichita-state,American,D1,2024,2024-25,2024-05-03,2024-08-20,2024-09-20,COMMITMENT,2024-05-03,TRANSFER,2024-03-26,d1_big_west,Center,83,235,INELIGIBLE,2021,FALSE,FALSE,TRUE,FALSE,,,https://www.verbalcommits.com/players/kenny-pohto
Kieves Turner,kieves-turner,UC Santa Barbara,uc-santa-barbara,Big West,D1,San Diego,san-diego,West Coast,D1,2024,2024-25,2024-04-29,2024-08-20,2024-09-20,COMMITMENT,2024-04-29,TRANSFER,2024-03-24,d1_big_west,Shooting Guard,74,185,COLLEGE_SENIOR,2020,TRUE,FALSE,TRUE,FALSE,,,https://www.verbalcommits.com/players/kieves-turner
Max Murrell,max-murrell,UC Santa Barbara,uc-santa-barbara,Big West,D1,Stanford,stanford,PAC 12,D1,2024,2024-25,2024-05-08,2024-08-20,2024-09-20,COMMITMENT,2024-05-08,TRANSFER,2024-03-19,d1_big_west,Power Forward,81,225,INELIGIBLE,2020,FALSE,FALSE,TRUE,FALSE,,,https://www.verbalcommits.com/players/max-murrell
Stephan Swenson,stephan-swenson,UC Santa Barbara,uc-santa-barbara,Big West,D1,Stetson,stetson,ASUN,D1,2024,2024-25,2024-04-13,2024-08-20,2024-09-20,COMMITMENT,2024-04-13,TRANSFER,2024-03-27,d1_big_west,Point Guard,74,195,INELIGIBLE,2020,FALSE,FALSE,TRUE,FALSE,,,https://www.verbalcommits.com/players/stephan-swenson
Hamad Mousa,hamad-mousa,Cal Poly,cal-poly,Big West,D1,Dayton,dayton,Atlantic 10,D1,2025,2025-26,,2025-06-16,2025-09-20,SIGNING,2025-06-16,TRANSFER,2025-04-13,d1_big_west,Small Forward,80,190,COLLEGE_SOPHOMORE,2024,FALSE,FALSE,TRUE,FALSE,,,https://www.verbalcommits.com/players/hamad-mousa
Jake Davis,jake-davis2,Cal Poly,cal-poly,Big West,D1,West Valley College,west-valley-college,,JUCO,2025,2025-26,2025-03-25,2025-04-29,2025-09-20,COMMITMENT,2025-03-25,ENROLLMENT,2023-07-20,juco_big_west,Shooting Guard,76,175,COLLEGE_JUNIOR,2023,TRUE,FALSE,TRUE,FALSE,,,https://www.verbalcommits.com/players/jake-davis2
A.J. George,aj-george,Cal State Bakersfield,cal-state-bakersfield,Big West,D1,SMU,smu,ACC,D1,2025,2025-26,2025-04-09,2025-04-14,2025-09-20,COMMITMENT,2025-04-09,TRANSFER,2025-03-27,d1_big_west,Shooting Guard,77,210,COLLEGE_SENIOR,2021,FALSE,TRUE,TRUE,FALSE,,,https://www.verbalcommits.com/players/aj-george
Caleb McCarty,caleb-mccarty,Cal State Bakersfield,cal-state-bakersfield,Big West,D1,South Carolina State,south-carolina-state,MEAC,D1,2025,2025-26,,2025-08-05,2025-09-20,SIGNING,2025-08-05,TRANSFER,2025-04-17,d1_big_west,Power Forward,80,195,COLLEGE_SENIOR,2020,TRUE,FALSE,TRUE,FALSE,,,https://www.verbalcommits.com/players/caleb-mccarty
Dailin Smith,dailin-smith,Cal State Bakersfield,cal-state-bakersfield,Big West,D1,Alabama A&M,alabama-a-m,SWAC,D1,2025,2025-26,,2025-03-10,2025-09-20,SIGNING,2025-03-10,TRANSFER,2024-12-14,d1_big_west,Shooting Guard,78,195,COLLEGE_SENIOR,2020,FALSE,FALSE,TRUE,FALSE,,,https://www.verbalcommits.com/players/dailin-smith
"Pierre Geneste, Jr.",pierre-geneste-jr,Cal State Bakersfield,cal-state-bakersfield,Big West,D1,Fresno State,fresno-state,Mountain West,D1,2025,2025-26,2025-05-17,2025-05-22,2025-09-20,COMMITMENT,2025-05-17,TRANSFER,2025-03-20,d1_big_west,Center,83,220,COLLEGE_SENIOR,2022,FALSE,FALSE,TRUE,FALSE,,,https://www.verbalcommits.com/players/pierre-geneste-jr
Ronald Jessamy,ronald-jessamy,Cal State Bakersfield,cal-state-bakersfield,Big West,D1,Tennessee State,tennessee-state,Ohio Valley,D1,2025,2025-26,,2025-04-29,2025-09-20,SIGNING,2025-04-29,TRANSFER,2025-04-03,d1_big_west,Power Forward,80,220,COLLEGE_JUNIOR,2023,FALSE,FALSE,TRUE,FALSE,,,https://www.verbalcommits.com/players/ronald-jessamy
Bailey Nunn,bailey-nunn,Cal State Fullerton,cal-state-fullerton,Big West,D1,Sacramento State,sacramento-state,Big Sky,D1,2025,2025-26,,2025-05-15,2025-09-20,SIGNING,2025-05-15,TRANSFER,2025-03-26,d1_big_west,Point Guard,69,160,COLLEGE_JUNIOR,2023,FALSE,FALSE,TRUE,FALSE,,,https://www.verbalcommits.com/players/bailey-nunn
Davis White,davis-white,Cal State Fullerton,cal-state-fullerton,Big West,D1,College of the Sequoias,college-of-the-sequoias,,JUCO,2025,2025-26,2025-03-06,2025-04-23,2025-09-20,COMMITMENT,2025-03-06,ENROLLMENT,2023-08-07,juco_big_west,Shooting Guard,77,200,COLLEGE_JUNIOR,2023,TRUE,FALSE,TRUE,FALSE,,,https://www.verbalcommits.com/players/davis-white
Jaden Henderson,jaden-henderson,Cal State Fullerton,cal-state-fullerton,Big West,D1,Concordia Irvine,concordia-irvine,PacWest,D2,2025,2025-26,2025-04-04,2025-04-24,2025-09-20,COMMITMENT,2025-04-04,TRANSFER,2025-03-08,d2_big_west,Shooting Guard,75,185,COLLEGE_SENIOR,2020,TRUE,FALSE,TRUE,TRUE,TRUE,reviewed_include,https://www.verbalcommits.com/players/jaden-henderson
Jefferson De La Cruz Monegro,jefferson-monegro,Cal State Fullerton,cal-state-fullerton,Big West,D1,Valparaiso,valparaiso,Missouri Valley,D1,2025,2025-26,2025-05-13,2025-05-15,2025-09-20,COMMITMENT,2025-05-13,TRANSFER,2025-03-19,d1_big_west,Point Guard,75,185,COLLEGE_SENIOR,2022,FALSE,FALSE,TRUE,FALSE,,,https://www.verbalcommits.com/players/jefferson-monegro
Joshua Ward,joshua-ward,Cal State Fullerton,cal-state-fullerton,Big West,D1,Palm Beach Atlantic,palm-beach-atlantic,SSC,D2,2025,2025-26,2025-04-08,2025-04-22,2025-09-20,COMMITMENT,2025-04-08,TRANSFER,2025-03-17,d2_big_west,Point Guard,73,175,COLLEGE_SENIOR,2022,FALSE,FALSE,TRUE,TRUE,TRUE,reviewed_include,https://www.verbalcommits.com/players/joshua-ward
Landon Seaman,landon-seaman,Cal State Fullerton,cal-state-fullerton,Big West,D1,Menlo,menlo,PacWest,D2,2025,2025-26,2025-04-02,2025-04-22,2025-09-20,COMMITMENT,2025-04-02,TRANSFER,2025-03-12,d2_big_west,Power Forward,81,0,COLLEGE_SENIOR,2022,FALSE,FALSE,TRUE,TRUE,TRUE,auto_include,https://www.verbalcommits.com/players/landon-seaman
Aleks Szymczyk,aleksander-szymczyk,Cal State Northridge,cal-state-northridge,Big West,D1,Charlotte,charlotte,American,D1,2025,2025-26,,2025-07-08,2025-09-20,SIGNING,2025-07-08,TRANSFER,2025-03-28,d1_big_west,Center,82,250,COLLEGE_JUNIOR,2022,FALSE,FALSE,TRUE,FALSE,,,https://www.verbalcommits.com/players/aleksander-szymczyk
Davius Loury,davius-loury,Cal State Northridge,cal-state-northridge,Big West,D1,John A. Logan College,john-a.-logan-college,,JUCO,2025,2025-26,,2025-04-22,2025-09-20,SIGNING,2025-04-22,ENROLLMENT,2024-07-14,juco_big_west,Small Forward,79,190,COLLEGE_SOPHOMORE,2024,TRUE,FALSE,TRUE,FALSE,,,https://www.verbalcommits.com/players/davius-loury
Jai Chisolm,jai-chisolm,Cal State Northridge,cal-state-northridge,Big West,D1,University of South Carolina Salkehatchie,university-of-south-carolina-salkehatchie,,JUCO,2025,2025-26,2025-04-02,2025-07-08,2025-09-20,COMMITMENT,2025-04-02,ENROLLMENT,2023-09-03,juco_big_west,Shooting Guard,75,180,COLLEGE_JUNIOR,2023,TRUE,FALSE,TRUE,FALSE,,,https://www.verbalcommits.com/players/jai-chisolm
"James Evans, Jr.",james-evans,Cal State Northridge,cal-state-northridge,Big West,D1,UNLV,unlv,Mountain West,D1,2025,2025-26,2025-07-10,2025-07-25,2025-09-20,COMMITMENT,2025-07-10,TRANSFER,2025-06-11,d1_big_west,Small Forward,79,212,COLLEGE_FRESHMAN,2024,FALSE,FALSE,TRUE,FALSE,,,https://www.verbalcommits.com/players/james-evans
Josh O'Garro,josh-ogarro,Cal State Northridge,cal-state-northridge,Big West,D1,Texas State,texas-state,Sun Belt,D1,2025,2025-26,2025-04-16,2025-07-08,2025-09-20,COMMITMENT,2025-04-16,TRANSFER,2025-03-20,d1_big_west,Shooting Guard,78,175,COLLEGE_SENIOR,2020,TRUE,FALSE,TRUE,FALSE,,,https://www.verbalcommits.com/players/josh-ogarro
Josiah Davis,josiah-davis,Cal State Northridge,cal-state-northridge,Big West,D1,Niagara,niagara,MAAC,D1,2025,2025-26,2025-05-15,2025-07-08,2025-09-20,COMMITMENT,2025-05-15,TRANSFER,2025-03-24,d1_big_west,Point Guard,75,190,COLLEGE_SENIOR,2022,FALSE,FALSE,TRUE,FALSE,,,https://www.verbalcommits.com/players/josiah-davis
"Larry Hughes, Jr.",larry-hughes-jr,Cal State Northridge,cal-state-northridge,Big West,D1,Saint Louis,saint-louis,Atlantic 10,D1,2025,2025-26,2025-04-24,2025-07-08,2025-09-20,COMMITMENT,2025-04-24,TRANSFER,2024-12-12,d1_big_west,Shooting Guard,76,175,COLLEGE_SENIOR,2022,FALSE,FALSE,TRUE,FALSE,,,https://www.verbalcommits.com/players/larry-hughes-jr
Naceiar Kirksey,naceiar-kirksey,Cal State Northridge,cal-state-northridge,Big West,D1,Monroe College,monroe-college2,,JUCO,2025,2025-26,2025-10-01,,,COMMITMENT,2025-10-01,ENROLLMENT,2025-06-26,juco_big_west,Point Guard,73,0,COLLEGE_SOPHOMORE,2024,TRUE,FALSE,TRUE,FALSE,,,https://www.verbalcommits.com/players/naceiar-kirksey
Quinton Webb,quinton-webb,Cal State Northridge,cal-state-northridge,Big West,D1,New Mexico,new-mexico,Mountain West,D1,2025,2025-26,2025-04-10,2025-07-08,2025-09-20,COMMITMENT,2025-04-10,TRANSFER,2025-03-25,d1_big_west,Shooting Guard,78,195,COLLEGE_JUNIOR,2022,FALSE,TRUE,TRUE,FALSE,,,https://www.verbalcommits.com/players/quinton-webb
Dre Bullock,quandre-bullock,Hawaii,hawaii,Big West,D1,South Dakota,south-dakota,Summit League,D1,2025,2025-26,2025-04-22,2025-05-22,2025-09-20,COMMITMENT,2025-04-22,TRANSFER,2025-03-12,d1_big_west,Shooting Guard,78,190,COLLEGE_SENIOR,2020,TRUE,FALSE,TRUE,FALSE,,,https://www.verbalcommits.com/players/quandre-bullock
Hunter Erickson,hunter-erickson,Hawaii,hawaii,Big West,D1,Utah,utah,Big XII,D1,2025,2025-26,2025-04-01,2025-04-18,2025-09-20,COMMITMENT,2025-04-01,TRANSFER,2025-03-18,d1_big_west,Shooting Guard,75,191,COLLEGE_SENIOR,2020,TRUE,FALSE,TRUE,FALSE,,,https://www.verbalcommits.com/players/hunter-erickson
Isaac Finlinson,isaac-finlinson,Hawaii,hawaii,Big West,D1,Snow College,snow-college2,,JUCO,2025,2025-26,2025-04-26,2025-05-22,2025-09-20,COMMITMENT,2025-04-26,ENROLLMENT,2023-09-13,juco_big_west,Small Forward,80,185,COLLEGE_JUNIOR,2022,TRUE,TRUE,TRUE,FALSE,,,https://www.verbalcommits.com/players/isaac-finlinson
Isaac Johnson,isaac-johnson,Hawaii,hawaii,Big West,D1,Utah State,utah-state,Mountain West,D1,2025,2025-26,2025-03-29,2025-04-18,2025-09-20,COMMITMENT,2025-03-29,TRANSFER,2025-03-24,d1_big_west,Center,84,240,COLLEGE_SENIOR,2021,FALSE,TRUE,TRUE,FALSE,,,https://www.verbalcommits.com/players/isaac-johnson
Isaiah Kerr,isaiah-kerr,Hawaii,hawaii,Big West,D1,Chico State,chico-state,CCAA,D2,2025,2025-26,2025-04-26,2025-05-22,2025-09-20,COMMITMENT,2025-04-26,TRANSFER,2025-03-30,d2_big_west,Point Guard,75,180,COLLEGE_JUNIOR,2022,FALSE,TRUE,TRUE,TRUE,TRUE,auto_include,https://www.verbalcommits.com/players/isaiah-kerr
Jalen Myers,jalen-myers,Hawaii,hawaii,Big West,D1,Norfolk State,norfolk-state,MEAC,D1,2025,2025-26,2025-05-03,2025-05-29,2025-09-20,COMMITMENT,2025-05-03,TRANSFER,2025-03-25,d1_big_west,Small Forward,80,200,COLLEGE_SENIOR,2020,TRUE,FALSE,TRUE,FALSE,,,https://www.verbalcommits.com/players/jalen-myers
Tanner Cuff,tanner-cuff,Hawaii,hawaii,Big West,D1,Evansville,evansville,Missouri Valley,D1,2025,2025-26,2025-03-24,2025-04-18,2025-09-20,COMMITMENT,2025-03-24,TRANSFER,2025-03-18,d1_big_west,Point Guard,78,210,COLLEGE_SENIOR,2021,FALSE,FALSE,TRUE,FALSE,,,https://www.verbalcommits.com/players/tanner-cuff
Yacine Toumi,yacine-toumi,Hawaii,hawaii,Big West,D1,Seton Hall,seton-hall,Big East,D1,2025,2025-26,,,2025-06-06,ENROLLMENT,2025-06-06,TRANSFER,2025-04-14,d1_big_west,Power Forward,82,210,COLLEGE_SENIOR,2020,TRUE,FALSE,TRUE,FALSE,,,https://www.verbalcommits.com/players/yacine-toumi
Christian Jones,christian-jones,Long Beach State,long-beach-state,Big West,D1,Angelina College,angelina-college2,,JUCO,2025,2025-26,2025-03-10,2025-04-22,2025-09-20,COMMITMENT,2025-03-10,ENROLLMENT,2024-07-04,juco_big_west,Shooting Guard,76,0,COLLEGE_SOPHOMORE,2024,TRUE,FALSE,TRUE,FALSE,,,https://www.verbalcommits.com/players/christian-jones
Cole Farrell,cole-farrell,Long Beach State,long-beach-state,Big West,D1,Portland State,portland-state,Big Sky,D1,2025,2025-26,,2025-06-04,2025-09-20,SIGNING,2025-06-04,TRANSFER,2025-03-24,d1_big_west,Shooting Guard,77,205,COLLEGE_JUNIOR,2022,FALSE,TRUE,TRUE,FALSE,,,https://www.verbalcommits.com/players/cole-farrell
Grant Gondrezick II,grant-gondrezick,Long Beach State,long-beach-state,Big West,D1,Detroit Mercy,detroit-mercy,Horizon,D1,2025,2025-26,2025-05-07,2025-06-05,2025-09-20,COMMITMENT,2025-05-07,TRANSFER,2025-04-07,d1_big_west,Point Guard,73,173,COLLEGE_SOPHOMORE,2023,FALSE,FALSE,TRUE,FALSE,,,https://www.verbalcommits.com/players/grant-gondrezick
Immanuel Lewis,immanuel-lewis,Long Beach State,long-beach-state,Big West,D1,Atlantic Cape Community College,atlantic-cape-community-college,,JUCO,2025,2025-26,,2025-07-22,2025-09-20,SIGNING,2025-07-22,ENROLLMENT,2023-07-26,juco_big_west,Point Guard,75,170,COLLEGE_SENIOR,2022,TRUE,FALSE,TRUE,FALSE,,,https://www.verbalcommits.com/players/immanuel-lewis
Isaiah Lewis,isaiah-lewis2,Long Beach State,long-beach-state,Big West,D1,Little Rock,little-rock,Ohio Valley,D1,2025,2025-26,,2025-05-19,2025-09-20,SIGNING,2025-05-19,TRANSFER,2025-04-10,d1_big_west,Point Guard,75,165,COLLEGE_JUNIOR,2023,TRUE,FALSE,TRUE,FALSE,,,https://www.verbalcommits.com/players/isaiah-lewis2
J.J. Chaikovsky,jj-chaikovsky,Long Beach State,long-beach-state,Big West,D1,Cal State Northridge,cal-state-northridge,Big West,D1,2025,2025-26,,2025-07-22,2025-09-20,SIGNING,2025-07-22,TRANSFER,2025-04-01,d1_big_west,Small Forward,79,190,COLLEGE_SOPHOMORE,2023,FALSE,FALSE,TRUE,FALSE,,,https://www.verbalcommits.com/players/jj-chaikovsky
Petar Majstorović,petar-majstorovi,Long Beach State,long-beach-state,Big West,D1,Syracuse,syracuse,ACC,D1,2025,2025-26,2025-04-17,2025-06-13,2025-09-20,COMMITMENT,2025-04-17,TRANSFER,2025-03-31,d1_big_west,Center,80,215,COLLEGE_SOPHOMORE,2024,FALSE,FALSE,TRUE,FALSE,,,https://www.verbalcommits.com/players/petar-majstorovi
Rob Diaz III,robert-diaz,Long Beach State,long-beach-state,Big West,D1,Cal Poly Humboldt,cal-poly-humboldt,CCAA,D2,2025,2025-26,2025-03-31,2025-04-21,2025-09-20,COMMITMENT,2025-03-31,TRANSFER,2025-03-25,d2_big_west,Point Guard,74,175,COLLEGE_JUNIOR,2023,FALSE,FALSE,TRUE,TRUE,TRUE,reviewed_include,https://www.verbalcommits.com/players/robert-diaz
Shaquil Bender,shaquil-bender,Long Beach State,long-beach-state,Big West,D1,Manhattan,manhattan,MAAC,D1,2025,2025-26,2025-05-01,2025-05-30,2025-09-20,COMMITMENT,2025-05-01,TRANSFER,2025-04-15,d1_big_west,Point Guard,74,170,COLLEGE_SENIOR,2021,TRUE,FALSE,TRUE,FALSE,,,https://www.verbalcommits.com/players/shaquil-bender
"Shay Johnson, Jr.",demarshay-johnson-jr,Long Beach State,long-beach-state,Big West,D1,San Diego State,san-diego-state,Mountain West,D1,2025,2025-26,2025-04-08,2025-06-02,2025-09-20,COMMITMENT,2025-04-08,TRANSFER,2025-03-25,d1_big_west,Center,82,210,COLLEGE_SENIOR,2021,FALSE,TRUE,TRUE,FALSE,,,https://www.verbalcommits.com/players/demarshay-johnson-jr
Brayden Fagbemi,brayden-fagbemi,UC Davis,uc-davis,Big West,D1,Central Arkansas,central-arkansas,ASUN,D1,2025,2025-26,2025-04-16,2025-05-12,2025-09-20,COMMITMENT,2025-04-16,TRANSFER,2025-03-17,d1_big_west,Point Guard,72,185,COLLEGE_JUNIOR,2023,FALSE,FALSE,TRUE,FALSE,,,https://www.verbalcommits.com/players/brayden-fagbemi
"Cyril Franklin, Jr.",cyril-franklin,UC Davis,uc-davis,Big West,D1,College of Southern Nevada,college-of-southern-nevada,,JUCO,2025,2025-26,2025-06-11,2025-06-26,2025-09-20,COMMITMENT,2025-06-11,ENROLLMENT,2024-08-12,juco_big_west,Shooting Guard,77,175,COLLEGE_SOPHOMORE,2024,TRUE,FALSE,TRUE,FALSE,,,https://www.verbalcommits.com/players/cyril-franklin
Jonathan Noudjihidi,jonathan-noudjihidi,UC Davis,uc-davis,Big West,D1,Coahoma Community College,coahoma-community-college,,JUCO,2025,2025-26,,2025-06-16,2025-09-20,SIGNING,2025-06-16,ENROLLMENT,2023-09-12,juco_big_west,Center,83,0,COLLEGE_JUNIOR,2023,FALSE,FALSE,TRUE,FALSE,,,https://www.verbalcommits.com/players/jonathan-noudjihidi
Marcus Wilson,marcus-wilson,UC Davis,uc-davis,Big West,D1,Washington State,washington-state,West Coast,D1,2025,2025-26,2025-04-28,2025-05-14,2025-09-20,COMMITMENT,2025-04-28,TRANSFER,2025-03-28,d1_big_west,Shooting Guard,75,180,COLLEGE_FRESHMAN,2024,FALSE,FALSE,TRUE,FALSE,,,https://www.verbalcommits.com/players/marcus-wilson
Ylan Esso-Essis,ylan-esso-essis,UC Davis,uc-davis,Big West,D1,Modesto Junior College,modesto-junior-college,,JUCO,2025,2025-26,2025-05-13,2025-05-16,2025-09-20,COMMITMENT,2025-05-13,ENROLLMENT,2024-08-06,juco_big_west,Shooting Guard,80,220,COLLEGE_SOPHOMORE,2024,TRUE,FALSE,TRUE,FALSE,,,https://www.verbalcommits.com/players/ylan-esso-essis
Derin Saran,derin-saran,UC Irvine,uc-irvine,Big West,D1,Stanford,stanford,ACC,D1,2025,2025-26,2025-05-04,2025-05-18,2025-09-20,COMMITMENT,2025-05-04,TRANSFER,2025-04-08,d1_big_west,Point Guard,77,190,COLLEGE_SOPHOMORE,2023,FALSE,FALSE,TRUE,FALSE,,,https://www.verbalcommits.com/players/derin-saran
Harrison Carrington,harrison-carrington,UC Irvine,uc-irvine,Big West,D1,Colorado,colorado,Big XII,D1,2025,2025-26,,2025-06-30,2025-09-20,SIGNING,2025-06-30,TRANSFER,2025-03-25,d1_big_west,Small Forward,79,195,COLLEGE_JUNIOR,2022,FALSE,TRUE,TRUE,FALSE,,,https://www.verbalcommits.com/players/harrison-carrington
Andrew Henderson,andrew-henderson,UC Riverside,uc-riverside,Big West,D1,Cal State San Bernardino,cal-state-san-bernardino,CCAA,D2,2025,2025-26,,2025-06-03,2025-09-20,SIGNING,2025-06-03,TRANSFER,2025-03-21,d2_big_west,Shooting Guard,77,210,COLLEGE_SENIOR,2020,TRUE,FALSE,TRUE,TRUE,TRUE,reviewed_include,https://www.verbalcommits.com/players/andrew-henderson
B.J. Kolly,bj-kolly,UC Riverside,uc-riverside,Big West,D1,Montana State,montana-state,Big Sky,D1,2025,2025-26,2025-05-15,2025-05-23,2025-09-20,COMMITMENT,2025-05-15,TRANSFER,2025-03-25,d1_big_west,Power Forward,80,200,COLLEGE_SENIOR,2021,FALSE,TRUE,TRUE,TRUE,FALSE,reviewed_exclude,https://www.verbalcommits.com/players/bj-kolly
Daniel Tobiloba,daniel-tobiloba,UC Riverside,uc-riverside,Big West,D1,South Florida,south-florida,American,D1,2025,2025-26,2025-05-29,2025-06-30,2025-09-20,COMMITMENT,2025-05-29,TRANSFER,2025-03-28,d1_big_west,Center,84,235,COLLEGE_JUNIOR,2023,FALSE,FALSE,TRUE,FALSE,,,https://www.verbalcommits.com/players/daniel-tobiloba
"De'Undrae Perteete, Jr.",deundrae-perteete,UC Riverside,uc-riverside,Big West,D1,Westmont,westmont,PacWest,D2,2025,2025-26,2025-05-17,2025-05-23,2025-09-20,COMMITMENT,2025-05-17,TRANSFER,2025-03-25,d2_big_west,Power Forward,77,200,COLLEGE_SOPHOMORE,2024,FALSE,FALSE,TRUE,TRUE,TRUE,reviewed_include,https://www.verbalcommits.com/players/deundrae-perteete
Denzel Hines,denzel-hines,UC Riverside,uc-riverside,Big West,D1,Coastal Carolina,coastal-carolina,Sun Belt,D1,2025,2025-26,2025-05-17,2025-06-30,2025-09-20,COMMITMENT,2025-05-17,TRANSFER,2025-03-25,d1_big_west,Small Forward,79,205,COLLEGE_JUNIOR,2023,FALSE,FALSE,TRUE,FALSE,,,https://www.verbalcommits.com/players/denzel-hines
Dylan Godfrey,dylan-godfrey,UC Riverside,uc-riverside,Big West,D1,Canisius,canisius,MAAC,D1,2025,2025-26,2025-05-15,2025-06-25,2025-09-20,COMMITMENT,2025-05-15,TRANSFER,2025-04-15,d1_big_west,Power Forward,80,0,COLLEGE_JUNIOR,2023,TRUE,FALSE,TRUE,FALSE,,,https://www.verbalcommits.com/players/dylan-godfrey
E.J. Spillman,ej-spillman,UC Riverside,uc-riverside,Big West,D1,College of the Sequoias,college-of-the-sequoias,,JUCO,2025,2025-26,2025-03-28,2025-06-06,2025-09-20,COMMITMENT,2025-03-28,ALL_SCHOOLS_ATTENDED,,juco_big_west,Shooting Guard,75,0,COLLEGE_FRESHMAN,2025,TRUE,FALSE,TRUE,FALSE,,,https://www.verbalcommits.com/players/ej-spillman
Jailen Daniel-Dalton,jailen-daniel-dalton2,UC Riverside,uc-riverside,Big West,D1,San Francisco State,san-francisco-state,CCAA,D2,2025,2025-26,2025-05-02,2025-05-23,2025-09-20,COMMITMENT,2025-05-02,TRANSFER,2024-12-01,d2_big_west,Small Forward,78,220,COLLEGE_SENIOR,2020,TRUE,FALSE,TRUE,TRUE,TRUE,reviewed_include,https://www.verbalcommits.com/players/jailen-daniel-dalton2
"Marqui Worthy, Jr.",marqui-worthy,UC Riverside,uc-riverside,Big West,D1,Massachusetts,massachusetts,Atlantic 10,D1,2025,2025-26,2025-05-19,2025-06-25,2025-09-20,COMMITMENT,2025-05-19,TRANSFER,2025-04-01,d1_big_west,Shooting Guard,76,0,COLLEGE_JUNIOR,2023,FALSE,FALSE,TRUE,FALSE,,,https://www.verbalcommits.com/players/marqui-worthy
Osiris Grady,osiris-grady,UC Riverside,uc-riverside,Big West,D1,Utah Valley,utah-valley,WAC,D1,2025,2025-26,2025-05-22,2025-06-25,2025-09-20,COMMITMENT,2025-05-22,TRANSFER,2025-03-28,d1_big_west,Power Forward,81,215,COLLEGE_JUNIOR,2023,FALSE,FALSE,TRUE,FALSE,,,https://www.verbalcommits.com/players/osiris-grady
Alex Chaikin,alex-chaikin,UC San Diego,uc-san-diego,Big West,D1,Lafayette,lafayette,Patriot League,D1,2025,2025-26,2025-05-03,2025-07-21,2025-09-20,COMMITMENT,2025-05-03,TRANSFER,2025-03-19,d1_big_west,Shooting Guard,77,170,COLLEGE_SOPHOMORE,2024,FALSE,FALSE,TRUE,FALSE,,,https://www.verbalcommits.com/players/alex-chaikin
Bol Dengdit,bol-dengdit,UC San Diego,uc-san-diego,Big West,D1,Portland,portland,West Coast,D1,2025,2025-26,2025-04-29,2025-07-21,2025-09-20,COMMITMENT,2025-04-29,TRANSFER,2025-03-24,d1_big_west,Power Forward,83,200,COLLEGE_JUNIOR,2022,FALSE,TRUE,TRUE,FALSE,,,https://www.verbalcommits.com/players/bol-dengdit
Dimitrije Vukićević,dimitrije-vukievi,UC San Diego,uc-san-diego,Big West,D1,Washington State,washington-state,West Coast,D1,2025,2025-26,2025-06-05,2025-07-21,2025-09-20,COMMITMENT,2025-06-05,TRANSFER,2025-04-23,d1_big_west,Center,84,0,COLLEGE_FRESHMAN,2024,FALSE,FALSE,TRUE,FALSE,,,https://www.verbalcommits.com/players/dimitrije-vukievi
Emanuel Prospere II,emanuel-prospere-ii,UC San Diego,uc-san-diego,Big West,D1,Missouri–St. Louis,missouri–st.-louis,GLVC,D2,2025,2025-26,2025-05-06,2025-07-21,2025-09-20,COMMITMENT,2025-05-06,TRANSFER,2025-03-25,d2_big_west,Small Forward,77,212,COLLEGE_SENIOR,2020,TRUE,FALSE,TRUE,TRUE,TRUE,reviewed_include,https://www.verbalcommits.com/players/emanuel-prospere-ii
Leo Beath,leo-beath,UC San Diego,uc-san-diego,Big West,D1,Lynn,lynn,SSC,D2,2025,2025-26,2025-05-03,2025-07-21,2025-09-20,COMMITMENT,2025-05-03,TRANSFER,2025-03-25,d2_big_west,Power Forward,80,215,COLLEGE_JUNIOR,2022,FALSE,TRUE,TRUE,TRUE,TRUE,auto_include,https://www.verbalcommits.com/players/leo-beath
Tom Beattie,tom-beattie,UC San Diego,uc-san-diego,Big West,D1,Hawaii,hawaii,Big West,D1,2025,2025-26,2025-05-12,2025-07-21,2025-09-20,COMMITMENT,2025-05-12,TRANSFER,2025-04-17,d1_big_west,Shooting Guard,77,195,COLLEGE_JUNIOR,2023,FALSE,FALSE,TRUE,FALSE,,,https://www.verbalcommits.com/players/tom-beattie
Trap Johnson,trap-johnson,UC San Diego,uc-san-diego,Big West,D1,Montana State,montana-state,Big Sky,D1,2025,2025-26,2025-04-27,2025-07-21,2025-09-20,COMMITMENT,2025-04-27,TRANSFER,2025-03-25,d1_big_west,Point Guard,78,200,COLLEGE_FRESHMAN,2024,FALSE,FALSE,TRUE,FALSE,,,https://www.verbalcommits.com/players/trap-johnson
Tyson Dunn,tyson-dunn,UC San Diego,uc-san-diego,Big West,D1,Buffalo,buffalo,MAC,D1,2025,2025-26,2025-04-24,2025-07-21,2025-09-20,COMMITMENT,2025-04-24,TRANSFER,2025-03-22,d1_big_west,Point Guard,75,190,COLLEGE_SENIOR,2020,FALSE,FALSE,TRUE,FALSE,,,https://www.verbalcommits.com/players/tyson-dunn
Aidan Mahaney,aidan-mahaney,UC Santa Barbara,uc-santa-barbara,Big West,D1,Connecticut,connecticut,Big East,D1,2025,2025-26,2025-04-29,2025-07-11,2025-09-20,COMMITMENT,2025-04-29,TRANSFER,2025-04-01,d1_big_west,Point Guard,75,185,COLLEGE_SENIOR,2022,FALSE,FALSE,TRUE,FALSE,,,https://www.verbalcommits.com/players/aidan-mahaney
Hosana Kitenge,hosana-kitenge,UC Santa Barbara,uc-santa-barbara,Big West,D1,Louisiana,louisiana,Sun Belt,D1,2025,2025-26,2025-04-28,2025-07-11,2025-09-20,COMMITMENT,2025-04-28,TRANSFER,2025-03-13,d1_big_west,Center,80,235,COLLEGE_SENIOR,2019,TRUE,TRUE,TRUE,FALSE,,,https://www.verbalcommits.com/players/hosana-kitenge
Marvin McGhee IV,marvin-mcghee-iv,UC Santa Barbara,uc-santa-barbara,Big West,D1,Cal State Bakersfield,cal-state-bakersfield,Big West,D1,2025,2025-26,2025-05-21,2025-07-11,2025-09-20,COMMITMENT,2025-05-21,TRANSFER,2025-03-26,d1_big_west,Shooting Guard,79,200,COLLEGE_JUNIOR,2023,TRUE,FALSE,TRUE,FALSE,,,https://www.verbalcommits.com/players/marvin-mcghee-iv
Miro Little,miro-little,UC Santa Barbara,uc-santa-barbara,Big West,D1,Utah,utah,Big XII,D1,2025,2025-26,2025-04-07,2025-08-12,2025-09-20,COMMITMENT,2025-04-07,TRANSFER,2025-03-24,d1_big_west,Point Guard,75,195,COLLEGE_JUNIOR,2023,FALSE,FALSE,TRUE,FALSE,,,https://www.verbalcommits.com/players/miro-little
Anthony Moore,anthony-moore3,Cal Poly,cal-poly,Big West,D1,Weber State,weber-state,Big Sky,D1,2026,2026-27,2026-04-16,,,COMMITMENT,2026-04-16,TRANSFER,2026-04-07,d1_big_west,Shooting Guard,77,190,COLLEGE_FRESHMAN,2025,FALSE,FALSE,FALSE,FALSE,,,https://www.verbalcommits.com/players/anthony-moore3
Bryce Cofield,bryce-cofield,Cal State Bakersfield,cal-state-bakersfield,Big West,D1,Cal State Fullerton,cal-state-fullerton,Big West,D1,2026,2026-27,2026-04-29,2026-05-27,,COMMITMENT,2026-04-29,TRANSFER,2026-04-10,d1_big_west,Shooting Guard,78,0,COLLEGE_FRESHMAN,2025,FALSE,FALSE,FALSE,FALSE,,,https://www.verbalcommits.com/players/bryce-cofield
Cameron Barnes,cameron-barnes,Cal State Bakersfield,cal-state-bakersfield,Big West,D1,Illinois State,illinois-state,Missouri Valley,D1,2026,2026-27,,2026-05-29,,SIGNING,2026-05-29,TRANSFER,2026-04-17,d1_big_west,Power Forward,82,205,COLLEGE_SOPHOMORE,2023,FALSE,FALSE,FALSE,FALSE,,,https://www.verbalcommits.com/players/cameron-barnes
Chudi Dioramma,chudi-dioramma,Cal State Bakersfield,cal-state-bakersfield,Big West,D1,Arkansas State,arkansas-state,Sun Belt,D1,2026,2026-27,,2026-05-30,,SIGNING,2026-05-30,TRANSFER,2026-04-10,d1_big_west,Center,82,240,COLLEGE_SOPHOMORE,2023,FALSE,FALSE,FALSE,FALSE,,,https://www.verbalcommits.com/players/chudi-dioramma
E.J. Bryson,ej-bryson,Cal State Bakersfield,cal-state-bakersfield,Big West,D1,Azusa Pacific,azusa-pacific,PacWest,D2,2026,2026-27,2026-05-26,,,COMMITMENT,2026-05-26,TRANSFER,2026-03-17,d2_big_west,Shooting Guard,76,175,COLLEGE_JUNIOR,2023,TRUE,FALSE,FALSE,TRUE,FALSE,reviewed_holdout,https://www.verbalcommits.com/players/ej-bryson
"Kjay Bradley, Jr.",kevin-bradley-jr,Cal State Bakersfield,cal-state-bakersfield,Big West,D1,San Diego,san-diego,West Coast,D1,2026,2026-27,2026-05-14,2026-05-23,,COMMITMENT,2026-05-14,TRANSFER,2026-03-28,d1_big_west,Point Guard,73,0,COLLEGE_SENIOR,2022,TRUE,FALSE,FALSE,FALSE,,,https://www.verbalcommits.com/players/kevin-bradley-jr
Sean Pouedet,sean-pouedet,Cal State Bakersfield,cal-state-bakersfield,Big West,D1,Dayton,dayton,Atlantic 10,D1,2026,2026-27,,2026-05-23,,SIGNING,2026-05-23,TRANSFER,2026-04-07,d1_big_west,Point Guard,74,0,COLLEGE_FRESHMAN,2025,FALSE,FALSE,FALSE,FALSE,,,https://www.verbalcommits.com/players/sean-pouedet
Zach Lee,zach-lee2,Cal State Bakersfield,cal-state-bakersfield,Big West,D1,Loyola University New Orleans,loyola-university-new-orleans,,NAIA,2026,2026-27,2026-04-20,,,COMMITMENT,2026-04-20,TRANSFER,2026-03-19,naia_big_west,Shooting Guard,76,0,COLLEGE_JUNIOR,2022,FALSE,FALSE,FALSE,FALSE,,,https://www.verbalcommits.com/players/zach-lee2
Andrew McConnell,andrew-mcconnell,Cal State Fullerton,cal-state-fullerton,Big West,D1,Cumberland University,cumberland-university,,NAIA,2026,2026-27,2026-04-21,,,COMMITMENT,2026-04-21,TRANSFER,2026-04-21,naia_big_west,Point Guard,73,170,COLLEGE_JUNIOR,2021,FALSE,TRUE,FALSE,FALSE,,,https://www.verbalcommits.com/players/andrew-mcconnell
Malcolm Bell,malcolm-bell,Cal State Fullerton,cal-state-fullerton,Big West,D1,Cal Poly Pomona,cal-poly-pomona,CCAA,D2,2026,2026-27,2026-04-22,,,COMMITMENT,2026-04-22,TRANSFER,2026-03-10,d2_big_west,Shooting Guard,77,0,COLLEGE_JUNIOR,2023,FALSE,FALSE,FALSE,TRUE,FALSE,reviewed_holdout,https://www.verbalcommits.com/players/malcolm-bell
Marley Zeller,marley-zeller,Cal State Fullerton,cal-state-fullerton,Big West,D1,Loyola Marymount,loyola-marymount,West Coast,D1,2026,2026-27,2026-04-18,,,COMMITMENT,2026-04-18,TRANSFER,2026-03-30,d1_big_west,Shooting Guard,77,190,COLLEGE_FRESHMAN,2024,FALSE,FALSE,FALSE,FALSE,,,https://www.verbalcommits.com/players/marley-zeller
Matthew Willenborg,matthew-willenborg,Cal State Fullerton,cal-state-fullerton,Big West,D1,Central Oklahoma,central-oklahoma,MIAA,D2,2026,2026-27,2026-04-18,,,COMMITMENT,2026-04-18,TRANSFER,2026-03-10,d2_big_west,Small Forward,79,189,COLLEGE_JUNIOR,2023,FALSE,FALSE,FALSE,TRUE,FALSE,reviewed_holdout,https://www.verbalcommits.com/players/matthew-willenborg
Rockwell Reynolds,rockwell-reynolds,Cal State Fullerton,cal-state-fullerton,Big West,D1,Citrus College,citrus-college2,,JUCO,2026,2026-27,,2026-05-04,,SIGNING,2026-05-04,ENROLLMENT,2025-09-06,juco_big_west,Power Forward,81,0,COLLEGE_SOPHOMORE,2023,TRUE,FALSE,FALSE,FALSE,,,https://www.verbalcommits.com/players/rockwell-reynolds
Tiernan Stynes,tiernan-stynes,Cal State Fullerton,cal-state-fullerton,Big West,D1,Quincy,quincy,GLVC,D2,2026,2026-27,2026-03-30,,,COMMITMENT,2026-03-30,TRANSFER,2026-03-03,d2_big_west,Point Guard,78,180,COLLEGE_SOPHOMORE,2024,FALSE,FALSE,FALSE,TRUE,FALSE,reviewed_holdout,https://www.verbalcommits.com/players/tiernan-stynes
B.J. Omot,bj-omot,Cal State Northridge,cal-state-northridge,Big West,D1,California,california,ACC,D1,2026,2026-27,2026-05-01,,,COMMITMENT,2026-05-01,TRANSFER,2026-03-23,d1_big_west,Small Forward,80,175,COLLEGE_SENIOR,2022,FALSE,FALSE,FALSE,FALSE,,,https://www.verbalcommits.com/players/bj-omot
Brooklyn Hicks,brooklyn-hicks,Cal State Northridge,cal-state-northridge,Big West,D1,Montana,montana,Big Sky,D1,2026,2026-27,2026-04-22,,,COMMITMENT,2026-04-22,TRANSFER,2026-03-26,d1_big_west,Shooting Guard,75,190,COLLEGE_JUNIOR,2023,FALSE,FALSE,FALSE,FALSE,,,https://www.verbalcommits.com/players/brooklyn-hicks
Caleb Smith,caleb-smith,Cal State Northridge,cal-state-northridge,Big West,D1,Rider,rider,MAAC,D1,2026,2026-27,2026-04-29,,,COMMITMENT,2026-04-29,TRANSFER,2026-04-11,d1_big_west,Shooting Guard,77,205,COLLEGE_JUNIOR,2022,TRUE,FALSE,FALSE,FALSE,,,https://www.verbalcommits.com/players/caleb-smith
Daniel Culberson,daniel-culberson,Cal State Northridge,cal-state-northridge,Big West,D1,Howard College,howard-college2,,JUCO,2026,2026-27,2026-04-23,,,COMMITMENT,2026-04-23,ENROLLMENT,2024-08-22,juco_big_west,Point Guard,72,0,COLLEGE_SOPHOMORE,2024,TRUE,FALSE,FALSE,FALSE,,,https://www.verbalcommits.com/players/daniel-culberson
Jael Martin,jael-martin,Cal State Northridge,cal-state-northridge,Big West,D1,Loyola Marymount,loyola-marymount,West Coast,D1,2026,2026-27,2026-05-01,,,COMMITMENT,2026-05-01,TRANSFER,2026-04-17,d1_big_west,Power Forward,80,205,COLLEGE_FRESHMAN,2024,FALSE,FALSE,FALSE,FALSE,,,https://www.verbalcommits.com/players/jael-martin
Kéziah Ekissi,kziah-ekissi,Cal State Northridge,cal-state-northridge,Big West,D1,Oregon State,oregon-state,West Coast,D1,2026,2026-27,2026-05-07,,,COMMITMENT,2026-05-07,TRANSFER,2026-04-10,d1_big_west,Point Guard,75,210,COLLEGE_SOPHOMORE,2024,TRUE,FALSE,FALSE,FALSE,,,https://www.verbalcommits.com/players/kziah-ekissi
Mikah Ballew,mikah-ballew,Cal State Northridge,cal-state-northridge,Big West,D1,Portland,portland,West Coast,D1,2026,2026-27,2026-04-16,,,COMMITMENT,2026-04-16,TRANSFER,2026-03-16,d1_big_west,Shooting Guard,77,200,COLLEGE_SOPHOMORE,2024,FALSE,FALSE,FALSE,FALSE,,,https://www.verbalcommits.com/players/mikah-ballew
Bol Dengdit,bol-dengdit,Hawaii,hawaii,Big West,D1,UC San Diego,uc-san-diego,Big West,D1,2026,2026-27,2026-04-23,,,COMMITMENT,2026-04-23,TRANSFER,2026-04-07,d1_big_west,Power Forward,83,200,COLLEGE_JUNIOR,2022,FALSE,TRUE,FALSE,FALSE,,,https://www.verbalcommits.com/players/bol-dengdit
Chance Trujillo,chance-trujillo,Hawaii,hawaii,Big West,D1,Utah Tech,utah-tech,WAC,D1,2026,2026-27,2026-04-18,,,COMMITMENT,2026-04-18,TRANSFER,2026-04-01,d1_big_west,Point Guard,76,200,COLLEGE_SOPHOMORE,2021,TRUE,FALSE,FALSE,FALSE,,,https://www.verbalcommits.com/players/chance-trujillo
Houran Dan,houran-dan,Hawaii,hawaii,Big West,D1,Seattle,seattle,West Coast,D1,2026,2026-27,2026-04-18,,,COMMITMENT,2026-04-18,TRANSFER,2026-04-07,d1_big_west,Center,82,228,COLLEGE_SOPHOMORE,2024,FALSE,FALSE,FALSE,FALSE,,,https://www.verbalcommits.com/players/houran-dan
Jaden Matingou,jaden-matingou,Hawaii,hawaii,Big West,D1,Point Loma Nazarene,point-loma-nazarene,PacWest,D2,2026,2026-27,2026-04-12,,,COMMITMENT,2026-04-12,TRANSFER,2026-03-28,d2_big_west,Shooting Guard,75,175,COLLEGE_JUNIOR,2023,FALSE,FALSE,FALSE,TRUE,FALSE,reviewed_holdout,https://www.verbalcommits.com/players/jaden-matingou
Kellen Hampton,kellen-hampton,Hawaii,hawaii,Big West,D1,Pacific,pacific,West Coast,D1,2026,2026-27,2026-04-20,2026-05-28,,COMMITMENT,2026-04-20,TRANSFER,2026-04-17,d1_big_west,Small Forward,79,0,COLLEGE_FRESHMAN,2025,FALSE,FALSE,FALSE,FALSE,,,https://www.verbalcommits.com/players/kellen-hampton
Manie Joses,mansie-joses,Hawaii,hawaii,Big West,D1,Davidson,davidson,Atlantic 10,D1,2026,2026-27,2026-04-28,,,COMMITMENT,2026-04-28,TRANSFER,2026-04-08,d1_big_west,Small Forward,79,190,COLLEGE_SOPHOMORE,2024,FALSE,FALSE,FALSE,FALSE,,,https://www.verbalcommits.com/players/mansie-joses
"Marcus Adams, Jr.",marcus-adams-jr,Hawaii,hawaii,Big West,D1,Arizona State,arizona-state,Big XII,D1,2026,2026-27,2026-04-12,,,COMMITMENT,2026-04-12,TRANSFER,2026-03-19,d1_big_west,Small Forward,80,195,COLLEGE_SOPHOMORE,2023,FALSE,FALSE,FALSE,FALSE,,,https://www.verbalcommits.com/players/marcus-adams-jr
Tiger Cuff,tiger-cuff,Hawaii,hawaii,Big West,D1,No College Stats,no-college-stats,,HS,2026,2026-27,2026-04-14,,,COMMITMENT,2026-04-14,COMMITMENT,,hs_big_west,Shooting Guard,74,0,HS_SENIOR,2026,FALSE,FALSE,FALSE,FALSE,,,https://www.verbalcommits.com/players/tiger-cuff
Zack Davidson,zack-davidson,Hawaii,hawaii,Big West,D1,Northern Arizona,northern-arizona,Big Sky,D1,2026,2026-27,2026-04-16,,,COMMITMENT,2026-04-16,TRANSFER,2026-03-26,d1_big_west,Power Forward,80,224,COLLEGE_SOPHOMORE,2023,FALSE,FALSE,FALSE,FALSE,,,https://www.verbalcommits.com/players/zack-davidson
Blake Bahr,blake-bahr,Long Beach State,long-beach-state,Big West,D1,Snow College,snow-college2,,JUCO,2026,2026-27,2026-04-08,,,COMMITMENT,2026-04-08,ENROLLMENT,2025-09-10,juco_big_west,Point Guard,74,195,COLLEGE_FRESHMAN,2022,TRUE,FALSE,FALSE,FALSE,,,https://www.verbalcommits.com/players/blake-bahr
Brett Wright,brett-wright,Long Beach State,long-beach-state,Big West,D1,Trevecca Nazarene,trevecca-nazarene,GSC,D2,2026,2026-27,2026-04-23,,,COMMITMENT,2026-04-23,TRANSFER,2026-03-27,d2_big_west,Small Forward,79,195,COLLEGE_SOPHOMORE,2024,FALSE,FALSE,FALSE,TRUE,FALSE,reviewed_holdout,https://www.verbalcommits.com/players/brett-wright
Colin Ruffin,colin-ruffin,Long Beach State,long-beach-state,Big West,D1,Missouri Southern,missouri-southern,MIAA,D2,2026,2026-27,2026-05-04,,,COMMITMENT,2026-05-04,TRANSFER,2026-03-28,d2_big_west,Point Guard,76,193,COLLEGE_JUNIOR,2023,FALSE,FALSE,FALSE,TRUE,FALSE,reviewed_holdout,https://www.verbalcommits.com/players/colin-ruffin
Grgur Brčić,grgur-bri,Long Beach State,long-beach-state,Big West,D1,Bucknell,bucknell,Patriot League,D1,2026,2026-27,2026-05-07,2026-06-04,,COMMITMENT,2026-05-07,TRANSFER,2026-04-06,d1_big_west,Center,82,235,COLLEGE_JUNIOR,2023,FALSE,FALSE,FALSE,FALSE,,,https://www.verbalcommits.com/players/grgur-bri
Henry Lau,henry-cody-lau,Long Beach State,long-beach-state,Big West,D1,Pittsburgh,pittsburgh,ACC,D1,2026,2026-27,,2026-06-11,,SIGNING,2026-06-11,TRANSFER,2026-04-12,d1_big_west,Small Forward,79,195,COLLEGE_FRESHMAN,2025,FALSE,FALSE,FALSE,FALSE,,,https://www.verbalcommits.com/players/henry-cody-lau
Jack Payne,jack-payne,Long Beach State,long-beach-state,Big West,D1,Idaho,idaho,Big Sky,D1,2026,2026-27,2026-04-21,,,COMMITMENT,2026-04-21,TRANSFER,2026-03-23,d1_big_west,Shooting Guard,78,195,COLLEGE_JUNIOR,2022,FALSE,TRUE,FALSE,FALSE,,,https://www.verbalcommits.com/players/jack-payne
Jaden Tengan,jaden-tengan,Long Beach State,long-beach-state,Big West,D1,Cal State Monterey Bay,cal-state-monterey-bay,CCAA,D2,2026,2026-27,2026-05-18,2026-05-28,,COMMITMENT,2026-05-18,TRANSFER,2026-03-11,d2_big_west,Point Guard,71,165,COLLEGE_JUNIOR,2022,FALSE,TRUE,FALSE,TRUE,FALSE,reviewed_holdout,https://www.verbalcommits.com/players/jaden-tengan
Kaleb Smith,kaleb-smith,Long Beach State,long-beach-state,Big West,D1,GCU,gcu,Mountain West,D1,2026,2026-27,2026-04-12,,,COMMITMENT,2026-04-12,TRANSFER,2026-04-03,d1_big_west,Power Forward,82,0,COLLEGE_JUNIOR,2022,FALSE,TRUE,FALSE,FALSE,,,https://www.verbalcommits.com/players/kaleb-smith
McCaden Adams,mccaden-adams,Long Beach State,long-beach-state,Big West,D1,Snow College,snow-college2,,JUCO,2026,2026-27,2026-04-18,2026-04-29,,COMMITMENT,2026-04-18,ENROLLMENT,2024-04-24,juco_big_west,Point Guard,75,170,COLLEGE_SOPHOMORE,2022,TRUE,FALSE,FALSE,FALSE,,,https://www.verbalcommits.com/players/mccaden-adams
Noah Amenhauser,noah-amenhauser,Long Beach State,long-beach-state,Big West,D1,Oregon State,oregon-state,West Coast,D1,2026,2026-27,2026-04-24,,,COMMITMENT,2026-04-24,TRANSFER,2026-04-06,d1_big_west,Center,86,270,COLLEGE_JUNIOR,2023,FALSE,FALSE,FALSE,FALSE,,,https://www.verbalcommits.com/players/noah-amenhauser
Yohann Sissoko,yohann-sissoko,Long Beach State,long-beach-state,Big West,D1,Florida Atlantic,florida-atlantic,American,D1,2026,2026-27,,2026-05-07,,SIGNING,2026-05-07,TRANSFER,2026-04-13,d1_big_west,Shooting Guard,78,0,COLLEGE_FRESHMAN,2025,FALSE,FALSE,FALSE,FALSE,,,https://www.verbalcommits.com/players/yohann-sissoko
Clarence Massamba,clarence-massamba,UC Davis,uc-davis,Big West,D1,Tennessee,tennessee,SEC,D1,2026,2026-27,2026-04-30,,,COMMITMENT,2026-04-30,TRANSFER,2026-04-07,d1_big_west,Shooting Guard,77,185,COLLEGE_FRESHMAN,2025,FALSE,FALSE,FALSE,FALSE,,,https://www.verbalcommits.com/players/clarence-massamba
Veniamin Abosi,veniamin-abosi,UC Davis,uc-davis,Big West,D1,San Francisco,san-francisco,West Coast,D1,2026,2026-27,2026-05-23,,,COMMITMENT,2026-05-23,TRANSFER,2026-04-09,d1_big_west,Shooting Guard,78,0,COLLEGE_SOPHOMORE,2024,FALSE,FALSE,FALSE,FALSE,,,https://www.verbalcommits.com/players/veniamin-abosi
Nils Cooper,nils-cooper,UC Irvine,uc-irvine,Big West,D1,UC Davis,uc-davis,Big West,D1,2026,2026-27,2026-05-19,,,COMMITMENT,2026-05-19,TRANSFER,2026-03-30,d1_big_west,Shooting Guard,77,180,COLLEGE_JUNIOR,2023,FALSE,FALSE,FALSE,FALSE,,,https://www.verbalcommits.com/players/nils-cooper
Olivier Rioux,olivier-rioux,UC Irvine,uc-irvine,Big West,D1,Florida,florida,SEC,D1,2026,2026-27,,2026-04-30,,SIGNING,2026-04-30,TRANSFER,2026-03-31,d1_big_west,Center,93,305,COLLEGE_FRESHMAN,2024,FALSE,FALSE,FALSE,FALSE,,,https://www.verbalcommits.com/players/olivier-rioux
Abraham Oyeadier,abraham-oyeadier,UC Riverside,uc-riverside,Big West,D1,West Virginia,west-virginia,Big XII,D1,2026,2026-27,,2026-04-24,,SIGNING,2026-04-24,TRANSFER,2026-04-13,d1_big_west,Center,81,221,COLLEGE_FRESHMAN,2024,FALSE,FALSE,FALSE,FALSE,,,https://www.verbalcommits.com/players/abraham-oyeadier
Aidan Rice,aidan-rice,UC Riverside,uc-riverside,Big West,D1,Western Washington,western-washington,GNAC,D2,2026,2026-27,2026-04-01,2026-04-09,,COMMITMENT,2026-04-01,TRANSFER,2026-03-10,d2_big_west,Point Guard,74,170,COLLEGE_SOPHOMORE,2024,FALSE,FALSE,FALSE,TRUE,FALSE,reviewed_holdout,https://www.verbalcommits.com/players/aidan-rice
Dallas Washington,dallas-washington,UC Riverside,uc-riverside,Big West,D1,Long Beach State,long-beach-state,Big West,D1,2026,2026-27,2026-04-14,2026-04-23,,COMMITMENT,2026-04-14,TRANSFER,2026-04-02,d1_big_west,Power Forward,81,190,COLLEGE_FRESHMAN,2025,FALSE,FALSE,FALSE,FALSE,,,https://www.verbalcommits.com/players/dallas-washington
Devon Malcolm,devon-malcolm,UC Riverside,uc-riverside,Big West,D1,California Baptist,california-baptist,WAC,D1,2026,2026-27,2026-04-12,2026-04-14,,COMMITMENT,2026-04-12,TRANSFER,2026-04-07,d1_big_west,Shooting Guard,76,185,COLLEGE_SENIOR,2022,TRUE,FALSE,FALSE,FALSE,,,https://www.verbalcommits.com/players/devon-malcolm
Easton Reagan,easton-reagan,UC Riverside,uc-riverside,Big West,D1,Northwest Nazarene,northwest-nazarene,GNAC,D2,2026,2026-27,2026-03-30,2026-04-08,,COMMITMENT,2026-03-30,TRANSFER,2026-03-16,d2_big_west,Shooting Guard,76,190,COLLEGE_JUNIOR,2022,FALSE,TRUE,FALSE,TRUE,FALSE,reviewed_holdout,https://www.verbalcommits.com/players/easton-reagan
"James Evans, Jr.",james-evans,UC Riverside,uc-riverside,Big West,D1,Cal State Northridge,cal-state-northridge,Big West,D1,2026,2026-27,2026-04-16,,,COMMITMENT,2026-04-16,TRANSFER,2026-03-19,d1_big_west,Small Forward,79,212,COLLEGE_FRESHMAN,2024,FALSE,FALSE,FALSE,FALSE,,,https://www.verbalcommits.com/players/james-evans
Tony Duckett,tony-duckett,UC Riverside,uc-riverside,Big West,D1,Saint Mary's,saint-marys,West Coast,D1,2026,2026-27,2026-04-23,,,COMMITMENT,2026-04-23,TRANSFER,2026-04-07,d1_big_west,Shooting Guard,76,185,COLLEGE_SOPHOMORE,2024,FALSE,FALSE,FALSE,FALSE,,,https://www.verbalcommits.com/players/tony-duckett
Tyus Parrish-Tillman,tyus-parrish-tillman,UC Riverside,uc-riverside,Big West,D1,Biola,biola,PacWest,D2,2026,2026-27,2026-03-29,2026-04-07,,COMMITMENT,2026-03-29,TRANSFER,2026-03-14,d2_big_west,Power Forward,80,220,COLLEGE_JUNIOR,2022,FALSE,FALSE,FALSE,TRUE,FALSE,reviewed_holdout,https://www.verbalcommits.com/players/tyus-parrish-tillman
Jordan Johnson,jordan-johnson8,UC San Diego,uc-san-diego,Big West,D1,Calhoun Community College,calhoun-community-college,,JUCO,2026,2026-27,2026-05-09,,,COMMITMENT,2026-05-09,ENROLLMENT,2025-09-22,juco_big_west,Point Guard,75,205,COLLEGE_SOPHOMORE,2024,TRUE,FALSE,FALSE,FALSE,,,https://www.verbalcommits.com/players/jordan-johnson8
Kayde Dotson,kayde-dotson,UC San Diego,uc-san-diego,Big West,D1,Loyola Chicago,loyola-chicago,Atlantic 10,D1,2026,2026-27,2026-04-16,2026-04-17,,COMMITMENT,2026-04-16,TRANSFER,2026-04-06,d1_big_west,Point Guard,73,190,COLLEGE_SOPHOMORE,2024,FALSE,FALSE,FALSE,FALSE,,,https://www.verbalcommits.com/players/kayde-dotson
Olavi Suutela,olavi-suutela,UC San Diego,uc-san-diego,Big West,D1,Oregon State,oregon-state,West Coast,D1,2026,2026-27,,2026-04-20,,SIGNING,2026-04-20,TRANSFER,2026-04-08,d1_big_west,Power Forward,82,0,COLLEGE_FRESHMAN,2025,FALSE,FALSE,FALSE,FALSE,,,https://www.verbalcommits.com/players/olavi-suutela
Rahmir Barno,rahmir-barno,UC San Diego,uc-san-diego,Big West,D1,Florida Gulf Coast,florida-gulf-coast,ASUN,D1,2026,2026-27,2026-05-08,,,COMMITMENT,2026-05-08,TRANSFER,2026-04-07,d1_big_west,Point Guard,70,0,COLLEGE_JUNIOR,2023,FALSE,FALSE,FALSE,FALSE,,,https://www.verbalcommits.com/players/rahmir-barno
Antonio Chol,antonio-chol,UC Santa Barbara,uc-santa-barbara,Big West,D1,New Mexico,new-mexico,Mountain West,D1,2026,2026-27,2026-04-26,,,COMMITMENT,2026-04-26,TRANSFER,2026-04-12,d1_big_west,Small Forward,81,210,COLLEGE_JUNIOR,2022,TRUE,TRUE,FALSE,FALSE,,,https://www.verbalcommits.com/players/antonio-chol
"Declan Duru, Jr.",declan-duru,UC Santa Barbara,uc-santa-barbara,Big West,D1,Texas,texas,SEC,D1,2026,2026-27,,2026-05-21,,SIGNING,2026-05-14,TRANSFER,2026-04-13,d1_big_west,Power Forward,80,235,COLLEGE_FRESHMAN,2025,FALSE,FALSE,FALSE,FALSE,,,https://www.verbalcommits.com/players/declan-duru
Eric Dibami,eric-dibami,UC Santa Barbara,uc-santa-barbara,Big West,D1,Florida International,florida-international,C-USA,D1,2026,2026-27,2026-04-18,,,COMMITMENT,2026-04-18,TRANSFER,2026-03-16,d1_big_west,Center,82,235,COLLEGE_FRESHMAN,2025,FALSE,FALSE,FALSE,FALSE,,,https://www.verbalcommits.com/players/eric-dibami
R.J. Smith,rj-smith2,UC Santa Barbara,uc-santa-barbara,Big West,D1,DePaul,depaul,Big East,D1,2026,2026-27,2026-04-23,,,COMMITMENT,2026-04-23,TRANSFER,2026-04-14,d1_big_west,Point Guard,76,175,COLLEGE_JUNIOR,2022,FALSE,TRUE,FALSE,FALSE,,,https://www.verbalcommits.com/players/rj-smith2
Viljami Vartiainen,viljami-vartiainen,UC Santa Barbara,uc-santa-barbara,Big West,D1,Weber State,weber-state,Big Sky,D1,2026,2026-27,,2026-04-24,,SIGNING,2026-04-24,TRANSFER,2026-04-07,d1_big_west,Shooting Guard,78,0,COLLEGE_JUNIOR,2023,FALSE,FALSE,FALSE,FALSE,,,https://www.verbalcommits.com/players/viljami-vartiainen
Lathaniel Bastian,lathaniel-bastian,Cal State Fullerton,cal-state-fullerton,Big West,D1,Angelo State,angelo-state,LSC,D2,2022,2022-23,,,2022-09-20,ENROLLMENT,2022-09-20,TRANSFER,,d2_big_west,Guard,80,225,COLLEGE_SOPHOMORE,2020,FALSE,FALSE,TRUE,FALSE,TRUE,reviewed_include,https://angelosports.com/sports/mens-basketball/roster/lathaniel-bastian/7071
Sydney Shipp,sydney-shipp,Cal State Fullerton,cal-state-fullerton,Big West,D1,Occidental,occidental,SCIAC,D2,2023,2023-24,,,2023-09-20,ENROLLMENT,2023-09-20,TRANSFER,,d2_big_west,Guard,72,170,COLLEGE_SENIOR,2019,FALSE,FALSE,TRUE,FALSE,TRUE,reviewed_include,https://oxyathletics.com/sports/mens-basketball/roster/sydney-shipp/7664
Chris Mitchell,chris-mitchell,UC Santa Barbara,uc-santa-barbara,Big West,D1,Cal State San Bernardino,cal-state-san-bernardino,CCAA,D2,2024,2024-25,,,2024-09-20,ENROLLMENT,2024-09-20,TRANSFER,,d2_big_west,Guard,76,200,COLLEGE_SENIOR,2020,FALSE,FALSE,TRUE,FALSE,TRUE,reviewed_include,https://csusbathletics.com/sports/mens-basketball/roster/chris-mitchell/4103
