player_name,player_slug,source_school,source_school_slug,source_conference,source_level,destination_school,destination_school_slug,first_big_west_season,source_season,source_stat_level,source_stat_source,class,position,games,games_started,mpg,minutes,minutes_share,ppg,rpg,apg,spg,bpg,topg,fg_pct,fg3_pct,ft_pct,efg_pct,ts_pct,three_rate,ft_rate,per,ts_pct_advanced,usg_pct,ows,dws,ws,ws_per_40,bpm,source_url
Jacob Davison,jacob-davison,Eastern Washington,eastern-washington,Big Sky,D1,Cal Poly,cal-poly,2021-22,2020-21,D1,sports_reference_source_school_cache,,G,22,11,21.0,462.0,0.525,9.8,2.6,1.5,0.6,0.4,1.5,0.386,0.356,0.804,0.471,0.5144897102057959,0.4767441860465116,0.24418604651162792,14.5,0.51,26.5,0.5,0.7,1.1,0.099,-0.9,https://www.sports-reference.com/cbb/schools/eastern-washington/men/2021.html
Julien Franklin,julien-franklin,Oregon State,oregon-state,PAC 12,D1,Cal Poly,cal-poly,2021-22,2020-21,D1,sports_reference_source_school_cache,,G,21,0,6.3,132.29999999999998,0.1575,0.8,0.7,0.5,0.3,0.0,0.3,0.3,0.182,0.5,0.35,0.3533568904593639,0.5,0.3,4.3,0.372,11.9,-0.1,0.2,0.1,0.026,-4.4,https://www.sports-reference.com/cbb/schools/oregon-state/men/2021.html
Trevon Taylor,trevon-taylor,James Madison,james-madison,Sun Belt,D1,Cal Poly,cal-poly,2021-22,2020-21,D1,sports_reference_source_school_cache,,G,7,0,6.0,42.0,0.15,1.7,1.4,0.3,0.3,0.1,0.4,0.417,0.333,0.0,0.5,0.5,0.5294117647058824,0.0,15.1,0.5,17.2,0.1,0.1,0.1,0.116,12.8,https://www.sports-reference.com/cbb/schools/james-madison/men/2021.html
E.J. Anosike,ej-anosike,Tennessee,tennessee,SEC,D1,Cal State Fullerton,cal-state-fullerton,2021-22,2020-21,D1,sports_reference_source_school_cache,,F,22,0,8.5,187.0,0.2125,1.7,1.9,0.3,0.4,0.0,0.2,0.342,0.0,0.6,0.342,0.40553435114503816,0.0,0.5294117647058824,11.4,0.4,14.1,0.2,0.4,0.5,0.117,1.1,https://www.sports-reference.com/cbb/schools/tennessee/men/2021.html
Christian Gray,christian-gray,Fresno State,fresno-state,Mountain West,D1,Cal State Northridge,cal-state-northridge,2021-22,2020-21,D1,sports_reference_source_school_cache,,F,18,7,13.7,246.6,0.34249999999999997,5.3,3.0,0.4,0.1,0.1,0.8,0.589,0.0,0.644,0.589,0.6309523809523809,0.03225806451612903,0.8064516129032258,17.2,0.614,19.4,0.7,0.2,0.9,0.144,-3.0,https://www.sports-reference.com/cbb/schools/fresno-state/men/2021.html
Onyi Eyisi,onyi-eyisi,Fordham,fordham,Atlantic 10,D1,Cal State Northridge,cal-state-northridge,2021-22,2020-21,D1,sports_reference_source_school_cache,,F,14,1,15.0,210.0,0.375,3.2,2.3,0.0,0.3,0.4,0.6,0.486,0.0,0.55,0.486,0.5134788189987163,0.0,0.5599999999999999,7.8,0.506,14.3,0.0,0.2,0.2,0.034,-5.5,https://www.sports-reference.com/cbb/schools/fordham/men/2021.html
Juan Munoz,juan-munoz,Longwood,longwood,Big South,D1,Hawaii,hawaii,2021-22,2020-21,D1,sports_reference_source_school_cache,,G,29,28,32.7,948.3000000000001,0.8175000000000001,13.0,3.2,2.9,1.2,0.0,2.5,0.378,0.384,0.807,0.495,0.5382577012255714,0.611111111111111,0.2685185185185185,14.7,0.535,23.6,1.4,1.0,2.4,0.1,-0.9,https://www.sports-reference.com/cbb/schools/longwood/men/2021.html
Kamaka Hepa,kamaka-hepa,Texas,texas,Big XII,D1,Hawaii,hawaii,2021-22,2020-21,D1,sports_reference_source_school_cache,,F,9,1,6.4,57.6,0.16,2.9,1.0,0.1,0.1,0.2,0.3,0.5,0.5,0.0,0.722,0.7093933463796477,0.9,0.05,18.4,0.704,18.5,0.2,0.1,0.2,0.167,6.1,https://www.sports-reference.com/cbb/schools/texas/men/2021.html
Joel Murray,joel-murray,West Texas A&M,west-texas-a-m,LSC,D2,Long Beach State,long-beach-state,2021-22,2020-21,D2,phase1_school_stats,Jr.,G,22,,35.45454545454545,780.0,0.8863636363636364,23.318181818181817,6.181818181818182,4.181818181818182,1.8636363636363635,0.09090909090909091,2.4545454545454546,0.47,0.3,0.807,0.509090909090909,0.5687361419068736,0.2597402597402597,0.38961038961038963,,,,,,,,,https://gobuffsgo.com/sports/mens-basketball/stats/2020-21
Kane Milling,kane-milling,Nevada,nevada,Mountain West,D1,UC Davis,uc-davis,2021-22,2020-21,D1,sports_reference_source_school_cache,,G,26,4,22.3,579.8000000000001,0.5575,4.8,2.1,1.0,0.5,0.1,0.9,0.385,0.368,0.676,0.486,0.5249343832020997,0.55,0.325,7.5,0.516,12.6,0.3,0.6,0.8,0.058,0.0,https://www.sports-reference.com/cbb/schools/nevada/men/2021.html
Devin Tillis,devin-tillis,UNLV,unlv,Mountain West,D1,UC Irvine,uc-irvine,2021-22,2020-21,D1,sports_reference_source_school_cache,,F,24,8,19.1,458.40000000000003,0.47750000000000004,3.7,3.5,1.2,0.7,0.0,1.2,0.534,0.381,0.947,0.603,0.6722383720930234,0.375,0.33333333333333337,11.2,0.656,10.7,0.6,0.6,1.2,0.101,-1.2,https://www.sports-reference.com/cbb/schools/nevada-las-vegas/men/2021.html
J.P. Moorman II,jp-moorman-ii,Temple,temple,American,D1,UC Riverside,uc-riverside,2021-22,2020-21,D1,sports_reference_source_school_cache,,F,16,13,26.8,428.8,0.67,7.3,5.3,2.2,0.7,0.3,1.3,0.396,0.358,0.684,0.486,0.5120650953984287,0.5,0.18181818181818182,12.0,0.504,16.4,0.4,0.6,1.0,0.093,2.7,https://www.sports-reference.com/cbb/schools/temple/men/2021.html
Chance Hunter,chance-hunter,California Baptist,california-baptist,WAC,D1,Cal Poly,cal-poly,2022-23,2021-22,D1,sports_reference_cache,JR,G,29,18,20.8,603.2,0.52,7.3,4.0,1.0,0.4,0.3,1.2,0.386,0.315,0.44,0.47,0.47108931337119253,0.5285714285714286,0.24285714285714285,11.0,0.47,21.9,0.2,1.0,1.2,0.08,-3.3,https://www.sports-reference.com/cbb/players/chance-hunter-1.html
Isaac Spears,isaac-spears,Montana State,montana-state,Big Sky,D1,Cal Poly,cal-poly,2022-23,2021-22,D1,sports_reference_source_school_cache,,G,12,0,2.7,32.400000000000006,0.0675,1.3,0.3,0.3,0.0,0.0,0.7,0.333,0.25,0.5,0.4,0.4276315789473684,0.5384615384615384,0.3846153846153846,-1.3,0.42,41.4,-0.1,0.0,-0.1,-0.132,-27.1,https://www.sports-reference.com/cbb/schools/montana-state/men/2022.html
Logan McLaughlin,logan-mclaughlin,Abilene Christian,abilene-christian,WAC,D1,Cal Poly,cal-poly,2022-23,2021-22,D1,sports_reference_source_school_cache,,G,14,0,8.8,123.20000000000002,0.22000000000000003,3.5,1.3,0.5,0.5,0.0,0.1,0.436,0.346,0.857,0.551,0.5794701986754967,0.6785714285714286,0.17857142857142858,17.5,0.579,17.5,0.3,0.3,0.6,0.187,-5.6,https://www.sports-reference.com/cbb/schools/abilene-christian/men/2022.html
Nick Fleming,nick-fleming,Southern Utah,southern-utah,WAC,D1,Cal Poly,cal-poly,2022-23,2021-22,D1,sports_reference_source_school_cache,,G,32,1,11.2,358.4,0.27999999999999997,2.8,1.2,1.1,0.3,0.1,0.8,0.341,0.292,0.63,0.424,0.4587155963302752,0.5555555555555555,0.2962962962962963,7.4,0.455,17.0,0.1,0.4,0.5,0.051,-4.8,https://www.sports-reference.com/cbb/schools/southern-utah/men/2022.html
Modestas Kancleris,modestas-kancleris,Creighton,creighton,Big East,D1,Cal State Bakersfield,cal-state-bakersfield,2022-23,2021-22,D1,sports_reference_source_school_cache,,F,14,0,2.4,33.6,0.06,0.2,0.5,0.1,0.2,0.1,0.1,0.0,0.0,0.5,0.0,0.1736111111111111,0.25,1.0,6.8,0.191,13.4,-0.1,0.1,0.0,0.031,0.8,https://www.sports-reference.com/cbb/schools/creighton/men/2022.html
Garrison Wade,garrison-wade,Dartmouth,dartmouth,Ivy,D1,Cal State Fullerton,cal-state-fullerton,2022-23,2021-22,D1,sports_reference_source_school_cache,,F,25,18,23.6,590.0,0.5900000000000001,6.6,4.6,0.9,0.6,0.6,1.5,0.394,0.338,0.744,0.479,0.5153029356652092,0.49122807017543857,0.2807017543859649,12.2,0.514,17.8,0.3,0.8,1.1,0.075,-2.3,https://www.sports-reference.com/cbb/schools/dartmouth/men/2022.html
"John Square, Jr.",john-square-jr,Fairleigh Dickinson,fairleigh-dickinson,Northeast,D1,Cal State Fullerton,cal-state-fullerton,2022-23,2021-22,D1,sports_reference_source_school_cache,,F,25,24,22.0,550.0,0.55,8.5,5.0,1.3,0.9,1.0,1.0,0.541,0.412,0.658,0.565,0.6006218202374223,0.12068965517241378,0.5,22.1,0.589,18.6,1.5,0.3,1.9,0.136,0.1,https://www.sports-reference.com/cbb/schools/fairleigh-dickinson/men/2022.html
Max Jones,max-jones,Tampa,tampa,SSC,D2,Cal State Fullerton,cal-state-fullerton,2022-23,2021-22,D2,phase1_school_stats,Sr.,G,21,,33.04761904761905,694.0,0.8261904761904763,21.904761904761905,4.476190476190476,2.7142857142857144,1.1904761904761905,0.38095238095238093,2.2857142857142856,0.445,0.325,0.853,0.5014836795252225,0.5751150230046009,0.34718100890207715,0.42433234421364985,,,,,,,,,https://www.tampaspartans.com/sports/mbkb/2021-22/players/maxjonesdgr9?view=career
DeSean Allen-Eikens,desean-allen-eikens,New Orleans,new-orleans,Southland,D1,Cal State Northridge,cal-state-northridge,2022-23,2021-22,D1,sports_reference_source_school_cache,,G,14,7,19.4,271.59999999999997,0.485,5.9,3.2,1.1,0.4,0.3,1.3,0.431,0.25,0.6,0.472,0.5006788866259335,0.33333333333333337,0.35294117647058826,10.8,0.495,17.7,0.1,0.4,0.5,0.067,-4.2,https://www.sports-reference.com/cbb/schools/new-orleans/men/2022.html
Dearon Tucker,dearon-tucker2,Indiana State,indiana-state,Missouri Valley,D1,Cal State Northridge,cal-state-northridge,2022-23,2021-22,D1,sports_reference_source_school_cache,,F,14,2,10.4,145.6,0.26,2.2,2.7,0.4,0.1,0.6,0.6,0.417,0.0,0.688,0.417,0.5036630036630036,0.0,0.6470588235294118,12.3,0.491,14.5,0.1,0.2,0.3,0.092,-2.9,https://www.sports-reference.com/cbb/schools/indiana-state/men/2022.html
Dionte Bostick,dionte-bostick,Murray State,murray-state,Missouri Valley,D1,Cal State Northridge,cal-state-northridge,2022-23,2021-22,D1,sports_reference_source_school_cache,,G,16,0,4.9,78.4,0.12250000000000001,1.9,0.5,0.6,0.2,0.0,0.3,0.458,0.25,0.6,0.5,0.5385487528344671,0.3333333333333333,0.39999999999999997,15.8,0.522,20.5,0.2,0.1,0.3,0.165,-1.2,https://www.sports-reference.com/cbb/schools/murray-state/men/2022.html
Ethan Igbanugo,ethan-igbanugo,North Dakota,north-dakota,Summit League,D1,Cal State Northridge,cal-state-northridge,2022-23,2021-22,D1,sports_reference_source_school_cache,,G,29,8,23.6,684.4000000000001,0.5900000000000001,8.8,2.4,1.3,0.4,0.2,1.2,0.348,0.358,0.634,0.441,0.48182216381953574,0.5189873417721518,0.3544303797468354,10.1,0.474,22.3,0.4,0.0,0.4,0.021,-6.5,https://www.sports-reference.com/cbb/schools/north-dakota/men/2022.html
Matija Svetozarević,matija-svetozarevi,Portland,portland,West Coast,D1,Hawaii,hawaii,2022-23,2021-22,D1,sports_reference_source_school_cache,,G,23,1,9.7,223.1,0.2425,2.6,1.7,0.5,0.2,0.1,0.5,0.333,0.233,0.938,0.395,0.462962962962963,0.52,0.27999999999999997,8.9,0.464,17.2,0.0,0.3,0.3,0.062,-2.3,https://www.sports-reference.com/cbb/schools/portland/men/2022.html
Ryan Rapp,ryan-rapp,Washington State,washington-state,PAC 12,D1,Hawaii,hawaii,2022-23,2021-22,D1,sports_reference_source_school_cache,,G,16,0,4.6,73.6,0.11499999999999999,1.2,0.8,0.2,0.1,0.1,0.3,0.235,0.2,1.0,0.324,0.45454545454545453,0.8181818181818181,0.45454545454545453,7.1,0.457,17.7,0.0,0.1,0.1,0.064,-2.2,https://www.sports-reference.com/cbb/schools/washington-state/men/2022.html
Lassina Traoré,lassina-traor,Saint Louis,saint-louis,Atlantic 10,D1,Long Beach State,long-beach-state,2022-23,2021-22,D1,sports_reference_source_school_cache,,F,19,0,7.8,148.2,0.195,2.4,2.9,0.3,0.3,0.2,0.9,0.606,0.0,0.75,0.606,0.6396588486140725,0.0,0.23529411764705885,15.7,0.625,18.3,0.1,0.3,0.4,0.117,-2.8,https://www.sports-reference.com/cbb/schools/saint-louis/men/2022.html
Marcus Tsohonis,marcus-tsohonis,VCU,vcu,Atlantic 10,D1,Long Beach State,long-beach-state,2022-23,2021-22,D1,sports_reference_source_school_cache,,G,29,3,14.4,417.6,0.36,5.1,1.7,1.1,0.3,0.0,0.8,0.371,0.368,0.609,0.469,0.48552932216298544,0.5306122448979592,0.16326530612244897,11.0,0.481,22.0,0.3,0.7,1.0,0.097,1.0,https://www.sports-reference.com/cbb/schools/virginia-commonwealth/men/2022.html
Pablo Tamba,pablo-tamba,Idaho State,idaho-state,Big Sky,D1,UC Davis,uc-davis,2022-23,2021-22,D1,sports_reference_source_school_cache,,G,16,0,3.4,54.4,0.08499999999999999,0.4,0.9,0.0,0.0,0.0,0.3,0.222,0.2,1.0,0.278,0.31055900621118016,0.5,0.16666666666666669,-1.9,0.352,14.6,-0.1,0.0,-0.1,-0.068,-11.1,https://www.sports-reference.com/cbb/schools/idaho-state/men/2022.html
Ty Johnson,ty-johnson2,Loyola Chicago,loyola-chicago,Atlantic 10,D1,UC Davis,uc-davis,2022-23,2021-22,D1,sports_reference_source_school_cache,,G,13,0,4.0,52.0,0.1,0.8,0.5,0.3,0.3,0.0,0.5,0.286,0.0,0.429,0.286,0.30303030303030304,0.18181818181818182,0.45454545454545453,2.2,0.317,24.4,-0.2,0.1,0.0,-0.025,-14.7,https://www.sports-reference.com/cbb/schools/loyola-il/men/2022.html
Pierre Crockrell II,pierre-crockrell-ii,Pacific,pacific,West Coast,D1,UC Irvine,uc-irvine,2022-23,2021-22,D1,sports_reference_source_school_cache,,G,30,29,29.2,876.0,0.73,6.7,2.4,4.3,1.2,0.0,2.1,0.416,0.375,0.5,0.429,0.4352910602910603,0.0684931506849315,0.12328767123287672,9.6,0.434,17.2,-0.1,0.7,0.6,0.026,-4.9,https://www.sports-reference.com/cbb/schools/pacific/men/2022.html
Jamal Hartwell II,jamal-hartwell-ii,George Mason,george-mason,Atlantic 10,D1,UC Riverside,uc-riverside,2022-23,2021-22,D1,sports_reference_source_school_cache,,G,26,4,13.1,340.59999999999997,0.3275,2.9,0.8,1.1,0.2,0.0,0.4,0.26,0.281,0.7,0.354,0.3740970072239422,0.6756756756756757,0.10810810810810811,4.9,0.372,17.6,-0.1,0.3,0.1,0.017,-4.1,https://www.sports-reference.com/cbb/schools/george-mason/men/2022.html
Kyle Owens,kyle-owens,Montana,montana,Big Sky,D1,UC Riverside,uc-riverside,2022-23,2021-22,D1,sports_reference_source_school_cache,,F,25,0,12.3,307.5,0.3075,4.4,1.8,0.4,0.1,0.1,0.5,0.427,0.239,0.81,0.484,0.5298651252408478,0.4736842105263158,0.2105263157894737,11.5,0.519,20.7,0.4,0.4,0.7,0.096,-9.4,https://www.sports-reference.com/cbb/schools/montana/men/2022.html
Luke Turner,luke-turner,Wofford,wofford,Southern,D1,UC Riverside,uc-riverside,2022-23,2021-22,D1,sports_reference_source_school_cache,,F,29,0,10.9,316.1,0.2725,2.9,1.5,0.7,0.3,0.0,0.3,0.4,0.3,0.5,0.494,0.4945429740791269,0.6071428571428572,0.10714285714285715,13.1,0.496,16.1,0.5,0.3,0.8,0.105,-0.6,https://www.sports-reference.com/cbb/schools/wofford/men/2022.html
Emmanuel Tshimanga,emmanuel-tshimanga,UC Irvine,uc-irvine,Big West,D1,UC San Diego,uc-san-diego,2022-23,2021-22,D1,sports_reference_source_school_cache,,C,25,0,10.6,265.0,0.265,3.4,3.3,0.2,0.1,0.1,0.8,0.636,0.0,0.64,0.636,0.6439393939393939,0.0,0.45454545454545453,16.4,0.643,16.9,0.5,0.6,1.1,0.169,-2.8,https://www.sports-reference.com/cbb/schools/california-irvine/men/2022.html
Andre Kelly,andre-kelly,California,california,PAC 12,D1,UC Santa Barbara,uc-santa-barbara,2022-23,2021-22,D1,sports_reference_source_school_cache,,F,21,21,30.2,634.1999999999999,0.755,13.4,8.4,0.8,0.5,0.6,1.1,0.607,0.5,0.692,0.612,0.6261682242990655,0.020833333333333336,0.2604166666666667,24.1,0.625,21.4,2.0,1.0,2.9,0.184,5.8,https://www.sports-reference.com/cbb/schools/california/men/2022.html
Jarred Hyder,jarred-hyder,California,california,PAC 12,D1,Cal Poly,cal-poly,2023-24,2021-22,D1,sports_reference_source_school_cache,,G,22,2,8.8,193.60000000000002,0.22000000000000003,1.3,0.6,0.8,0.1,0.0,0.4,0.237,0.188,0.727,0.276,0.3385416666666667,0.4117647058823529,0.29411764705882354,3.6,0.335,14.6,-0.2,0.2,0.0,-0.007,-4.3,https://www.sports-reference.com/cbb/schools/california/men/2022.html
Paul Bizimana,paul-bizimana,Eastern Illinois,eastern-illinois,Ohio Valley,D1,Cal Poly,cal-poly,2023-24,2022-23,D1,sports_reference_source_school_cache,,F,22,6,10.4,228.8,0.26,2.9,1.5,0.5,0.3,0.3,0.6,0.361,0.389,0.722,0.418,0.4600253807106599,0.28571428571428575,0.28571428571428575,9.6,0.46,18.0,0.0,0.3,0.3,0.046,-5.5,https://www.sports-reference.com/cbb/schools/eastern-illinois/men/2023.html
Cameron Wilbon,cameron-wilbon,Sacramento State,sacramento-state,Big Sky,D1,Cal State Bakersfield,cal-state-bakersfield,2023-24,2022-23,D1,sports_reference_source_school_cache,,G,32,3,25.3,809.6,0.6325000000000001,8.6,3.8,2.2,0.4,0.4,1.8,0.466,0.319,0.569,0.498,0.5111745126010461,0.2027027027027027,0.31081081081081074,14.3,0.511,22.0,0.9,0.7,1.6,0.08,-1.8,https://www.sports-reference.com/cbb/schools/sacramento-state/men/2023.html
Fidelis Okereke,fidelis-okereke,Cal State Northridge,cal-state-northridge,Big West,D1,Cal State Bakersfield,cal-state-bakersfield,2023-24,2022-23,D1,sports_reference_source_school_cache,,F,31,14,18.8,582.8000000000001,0.47000000000000003,4.4,5.1,0.6,0.5,0.6,1.2,0.514,0.0,0.587,0.514,0.5418719211822661,0.0,0.4411764705882353,13.0,0.532,14.9,0.3,0.9,1.2,0.083,-4.4,https://www.sports-reference.com/cbb/schools/cal-state-northridge/men/2023.html
Beril Kabamba,beril-kabamba2,Spring Hill,spring-hill,SIAC,D2,Cal State Fullerton,cal-state-fullerton,2023-24,2022-23,D2,phase1_school_stats,Jr.,G,25,,34.8,870.0,0.8699999999999999,18.56,8.68,2.0,1.32,0.44,2.68,0.42,0.292,0.831,0.4635854341736695,0.542817033224146,0.2969187675070028,0.4481792717086835,,,,,,,,,https://shcbadgers.com/sports/mens-basketball/stats/2022-23
Dominic Brewton,dominic-brewton,Alcorn State,alcorn-state,SWAC,D1,Cal State Fullerton,cal-state-fullerton,2023-24,2022-23,D1,sports_reference_source_school_cache,,G,27,6,25.7,693.9,0.6425,12.0,3.7,1.7,1.1,0.0,1.9,0.403,0.254,0.816,0.433,0.49652432969215493,0.23809523809523808,0.34285714285714286,17.1,0.493,27.6,1.0,0.8,1.7,0.1,0.3,https://www.sports-reference.com/cbb/schools/alcorn-state/men/2023.html
Donovan Oday,donovan-oday,McNeese,mcneese,Southland,D1,Cal State Fullerton,cal-state-fullerton,2023-24,2022-23,D1,sports_reference_source_school_cache,,G,34,2,16.6,564.4000000000001,0.41500000000000004,4.9,2.1,1.2,0.6,0.1,1.1,0.375,0.23,0.765,0.421,0.4748062015503876,0.4,0.3333333333333333,11.3,0.474,18.7,0.4,0.3,0.7,0.048,-4.4,https://www.sports-reference.com/cbb/schools/mcneese-state/men/2023.html
Jalen Cooper,jalen-cooper,Palm Beach Atlantic,palm-beach-atlantic,SSC,D2,Cal State Fullerton,cal-state-fullerton,2023-24,2022-23,D2,phase1_school_stats,Jr.,W,27,,31.48148148148148,850.0,0.787037037037037,17.37037037037037,8.666666666666666,1.8888888888888888,1.2592592592592593,1.3703703703703705,2.5925925925925926,0.517,0.429,0.74,0.5495356037151703,0.600112601085065,0.15170278637770898,0.47678018575851394,,,,,,,,,https://pbasailfish.com/sports/mens-basketball/stats/2022-23
Gianni Hunt,gianni-hunt,Sacramento State,sacramento-state,Big Sky,D1,Cal State Northridge,cal-state-northridge,2023-24,2022-23,D1,sports_reference_source_school_cache,,G,32,30,27.8,889.6,0.6950000000000001,6.9,3.0,3.3,0.9,0.0,2.3,0.376,0.374,0.745,0.47,0.5029154518950437,0.5,0.24193548387096772,9.6,0.502,17.9,0.2,0.9,1.1,0.051,-3.5,https://www.sports-reference.com/cbb/schools/sacramento-state/men/2023.html
Jared Barnett,jared-barnett2,San Diego State,san-diego-state,Mountain West,D1,Cal State Northridge,cal-state-northridge,2023-24,2022-23,D1,sports_reference_source_school_cache,,G,10,0,2.7,27.0,0.0675,0.6,0.3,0.3,0.1,0.0,0.4,0.25,0.5,0.0,0.375,0.37499999999999994,0.5,0.0,1.2,0.375,22.9,-0.1,0.0,0.0,-0.038,-8.3,https://www.sports-reference.com/cbb/schools/san-diego-state/men/2023.html
Jasman Sangha,jasman-sangha,Texas A&M–Corpus Christi,texas-a-m–corpus-christi,Southland,D1,Cal State Northridge,cal-state-northridge,2023-24,2022-23,D1,sports_reference_source_school_cache,,F,14,1,10.4,145.6,0.26,2.6,1.7,0.4,0.2,0.2,0.7,0.4,0.0,0.615,0.4,0.44889502762430944,0.04,0.36,5.6,0.437,16.8,0.0,0.2,0.1,0.037,-12.3,https://www.sports-reference.com/cbb/schools/texas-am-corpus-christi/men/2023.html
Jordan Brinson,jordan-brinson,Fresno State,fresno-state,Mountain West,D1,Cal State Northridge,cal-state-northridge,2023-24,2022-23,D1,sports_reference_source_school_cache,,G,3,0,6.0,18.0,0.15,0.7,1.0,1.0,0.0,0.0,0.3,0.0,0.0,1.0,0.0,0.1743027888446215,0.7647058823529412,0.4117647058823529,0.2,0.168,21.5,-0.1,0.0,0.0,-0.091,-11.5,https://www.sports-reference.com/cbb/schools/fresno-state/men/2023.html
Mahmoud Fofana,mahmoud-fofana,Cal State San Bernardino,cal-state-san-bernardino,CCAA,D2,Cal State Northridge,cal-state-northridge,2023-24,2022-23,D2,phase1_school_stats,Jr.,W,35,,23.0,805.0,0.575,8.4,6.085714285714285,1.0,0.8,0.9714285714285714,0.9714285714285714,0.652,0.286,0.597,0.6631016042780749,0.6655197392249185,0.0748663101604278,0.4117647058823529,,,,,,,,,https://csusbathletics.com/sports/mens-basketball/stats/2022-23
P.J. Fuller II,pj-fuller,Washington,washington,PAC 12,D1,Cal State Northridge,cal-state-northridge,2023-24,2022-23,D1,sports_reference_source_school_cache,,G,26,17,23.2,603.1999999999999,0.58,6.2,2.0,2.5,1.1,0.5,2.6,0.385,0.284,0.8,0.449,0.4942602040816326,0.45614035087719296,0.22807017543859648,8.5,0.489,19.7,-0.5,0.8,0.3,0.023,-0.7,https://www.sports-reference.com/cbb/schools/washington/men/2023.html
Quincy McGriff,quincy-mcgriff,Duquesne,duquesne,Atlantic 10,D1,Cal State Northridge,cal-state-northridge,2023-24,2022-23,D1,sports_reference_source_school_cache,,G,29,7,16.3,472.70000000000005,0.40750000000000003,5.3,1.8,1.4,0.4,0.1,1.1,0.357,0.343,0.727,0.479,0.5045696877380045,0.7142857142857142,0.16326530612244897,10.6,0.499,19.1,0.4,0.4,0.8,0.068,-1.2,https://www.sports-reference.com/cbb/schools/duquesne/men/2023.html
Justin McKoy,justin-mckoy,North Carolina,north-carolina,ACC,D1,Hawaii,hawaii,2023-24,2022-23,D1,sports_reference_source_school_cache,,F,11,1,5.4,59.400000000000006,0.135,1.7,1.2,0.1,0.0,0.4,0.2,0.462,0.333,1.0,0.538,0.5985915492957746,0.4166666666666667,0.4166666666666667,17.8,0.618,14.7,0.1,0.1,0.2,0.152,4.4,https://www.sports-reference.com/cbb/schools/north-carolina/men/2023.html
Austin Johnson,austin-johnson2,North Carolina A&T,north-carolina-a-t,Colonial,D1,Long Beach State,long-beach-state,2023-24,2022-23,D1,sports_reference_source_school_cache,,F,27,25,23.8,642.6,0.595,5.3,5.6,0.9,0.6,1.1,1.2,0.432,0.25,0.596,0.448,0.48749080206033846,0.13043478260869565,0.41304347826086957,11.2,0.478,14.2,0.2,0.9,1.1,0.066,-5.3,https://www.sports-reference.com/cbb/schools/north-carolina-at/men/2023.html
Isa Silva,isael-silva,Stanford,stanford,PAC 12,D1,Long Beach State,long-beach-state,2023-24,2022-23,D1,sports_reference_source_school_cache,,G,32,5,12.9,412.8,0.3225,3.2,0.5,1.2,0.3,0.0,0.9,0.427,0.25,0.613,0.461,0.49382716049382724,0.28571428571428575,0.35714285714285715,5.6,0.487,16.8,0.0,0.3,0.3,0.027,-4.3,https://www.sports-reference.com/cbb/schools/stanford/men/2023.html
Messiah Thompson,messiah-thompson,Alabama A&M,alabama-a-m,SWAC,D1,Long Beach State,long-beach-state,2023-24,2022-23,D1,sports_reference_source_school_cache,,G,32,26,26.8,857.6,0.67,10.8,2.0,3.2,1.6,0.0,1.9,0.419,0.408,0.582,0.523,0.5374203821656052,0.5161290322580645,0.18279569892473116,15.4,0.531,22.4,1.2,1.1,2.3,0.106,-1.6,https://www.sports-reference.com/cbb/schools/alabama-am/men/2023.html
Marsalis Roberson,marsalis-roberson,California,california,PAC 12,D1,UC Davis,uc-davis,2023-24,2022-23,D1,sports_reference_source_school_cache,,G,31,0,12.7,393.7,0.3175,1.8,1.8,0.7,0.4,0.3,1.0,0.273,0.179,0.643,0.305,0.33088235294117646,0.36,0.2,3.0,0.335,15.8,-0.8,0.3,-0.5,-0.052,-4.8,https://www.sports-reference.com/cbb/schools/california/men/2023.html
Ben Griscti,benjamin-griscti,Incarnate Word,incarnate-word,Southland,D1,UC Riverside,uc-riverside,2023-24,2022-23,D1,sports_reference_source_school_cache,,C,31,17,14.5,449.5,0.3625,5.2,3.5,0.4,0.4,0.5,0.6,0.47,0.382,0.563,0.58,0.5752212389380532,0.5813953488372093,0.11627906976744186,16.4,0.58,18.0,0.7,0.6,1.3,0.114,-1.4,https://www.sports-reference.com/cbb/schools/incarnate-word/men/2023.html
Aniwaniwa Tait-Jones,aniwaniwa-tait-jones,Hawaii–Hilo,hawaii–hilo,PacWest,D2,UC San Diego,uc-san-diego,2023-24,2022-23,D2,phase1_school_stats,Jr.,W,23,,32.73913043478261,753.0,0.8184782608695652,17.608695652173914,9.173913043478262,3.4782608695652173,1.173913043478261,0.391304347826087,3.347826086956522,0.466,0.259,0.701,0.4773462783171521,0.53560093101989,0.08737864077669903,0.5080906148867314,,,,,,,,,https://hiloathletics.com/sports/mens-basketball/stats/2022-23
Hayden Gray,hayden-gray,Azusa Pacific,azusa-pacific,PacWest,D2,UC San Diego,uc-san-diego,2023-24,2022-23,D2,phase1_school_stats,Jr.,G,30,,26.833333333333332,805.0,0.6708333333333333,10.0,3.033333333333333,3.8,1.8333333333333333,0.3,1.5666666666666667,0.443,0.326,0.673,0.5018939393939394,0.5228667038482989,0.35984848484848486,0.19696969696969696,,,,,,,,,https://athletics.apu.edu/sports/mens-basketball/stats/2022-23
Tyler McGhie,tyler-mcghie,Southern Nazarene,southern-nazarene,GAC,D2,UC San Diego,uc-san-diego,2023-24,2022-23,D2,phase1_school_stats,Jr.,G,32,,31.90625,1021.0,0.79765625,16.59375,3.71875,1.28125,0.84375,0.21875,1.1875,0.48,0.448,0.873,0.614406779661017,0.6597912524850895,0.5988700564971752,0.3107344632768362,,,,,,,,,https://snuathletics.com/sports/mens-basketball/stats/2022-23
Ben Shtolzberg,ben-shtolzberg,Creighton,creighton,Big East,D1,UC Santa Barbara,uc-santa-barbara,2023-24,2022-23,D1,sports_reference_source_school_cache,,G,17,0,5.8,98.6,0.145,1.5,0.9,0.6,0.2,0.0,0.2,0.375,0.231,0.8,0.438,0.489556135770235,0.5714285714285715,0.2142857142857143,12.7,0.474,16.0,0.1,0.2,0.3,0.116,0.8,https://www.sports-reference.com/cbb/schools/creighton/men/2023.html
Yohan Traore,yohan-traore,Auburn,auburn,SEC,D1,UC Santa Barbara,uc-santa-barbara,2023-24,2022-23,D1,sports_reference_source_school_cache,,F,25,0,9.9,247.5,0.2475,2.1,1.4,0.2,0.0,0.1,0.4,0.4,0.192,0.348,0.45,0.43823038397328884,0.5,0.45,5.7,0.435,14.5,0.0,0.2,0.2,0.031,-2.9,https://www.sports-reference.com/cbb/schools/auburn/men/2023.html
Ethan Menzies,ethan-menzies,Colorado Mesa,colorado-mesa,RMAC,D2,Cal Poly,cal-poly,2024-25,2023-24,D2,phase1_school_stats,Sr.,F,19,,10.052631578947368,191.0,0.2513157894736842,3.3684210526315788,2.0526315789473686,1.5263157894736843,0.2631578947368421,0.42105263157894735,0.7368421052631579,0.73,0.5,0.5,0.7972972972972973,0.7729468599033816,0.2702702702702703,0.2702702702702703,,,,,,,,,https://cmumavericks.com/sports/mens-basketball/stats/2023-24
Isaac Jessup,isaac-jessup,Colorado Mesa,colorado-mesa,RMAC,D2,Cal Poly,cal-poly,2024-25,2023-24,D2,phase1_school_stats,Sr.,G,34,,24.941176470588236,848.0,0.6235294117647059,10.147058823529411,2.764705882352941,2.4411764705882355,1.088235294117647,0.14705882352941177,1.6176470588235294,0.415,0.37,0.963,0.5557491289198606,0.5771547109207709,0.7630662020905923,0.09407665505226481,,,,,,,,,https://cmumavericks.com/sports/mens-basketball/stats/2023-24
Kieran Elliott,kieran-elliott,West Texas A&M,west-texas-a-m,LSC,D2,Cal Poly,cal-poly,2024-25,2023-24,D2,phase1_school_stats,So.,F,35,,23.571428571428573,825.0,0.5892857142857143,12.428571428571429,6.742857142857143,0.7142857142857143,0.4857142857142857,0.2571428571428571,1.3142857142857143,0.594,0.393,0.761,0.6146616541353384,0.6621407696054554,0.10526315789473684,0.5338345864661654,,,,,,,,,https://gobuffsgo.com/sports/mens-basketball/stats/2023-24
Luka Tarlać,luka-tarla,Utah,utah,PAC 12,D1,Cal Poly,cal-poly,2024-25,2023-24,D1,sports_reference_source_school_cache,,G,20,0,5.4,108.0,0.135,0.6,0.9,0.3,0.2,0.1,0.4,0.455,0.0,0.182,0.455,0.3472222222222222,0.0,1.0,4.4,0.37,11.1,-0.1,0.1,0.0,0.01,-1.2,https://www.sports-reference.com/cbb/schools/utah/men/2024.html
Mac Riniker,mac-riniker,Colorado Mesa,colorado-mesa,RMAC,D2,Cal Poly,cal-poly,2024-25,2023-24,D2,phase1_school_stats,Sr.,G,22,,25.0,550.0,0.625,14.227272727272727,5.181818181818182,2.409090909090909,2.0454545454545454,1.0,2.909090909090909,0.638,0.431,0.702,0.7097701149425287,0.7266901931649331,0.3333333333333333,0.5402298850574713,,,,,,,,,https://cmumavericks.com/sports/mens-basketball/stats/2023-24
Owen Koonce,owen-koonce,Colorado Mesa,colorado-mesa,RMAC,D2,Cal Poly,cal-poly,2024-25,2023-24,D2,phase1_school_stats,Sr.,G,34,,24.558823529411764,835.0,0.6139705882352942,13.235294117647058,3.911764705882353,1.7647058823529411,1.1764705882352942,0.47058823529411764,1.9705882352941178,0.544,0.354,0.903,0.6270358306188925,0.66434392346758,0.46905537459283386,0.23452768729641693,,,,,,,,,https://cmumavericks.com/sports/mens-basketball/stats/2023-24
Kaleb Brown,kaleb-brown,Missouri,missouri,SEC,D1,Cal State Fullerton,cal-state-fullerton,2024-25,2023-24,D1,sports_reference_source_school_cache,,G,2,0,6.5,13.0,0.1625,1.0,1.0,1.0,0.5,0.0,1.5,0.333,0.0,0.0,0.333,0.3333333333333333,0.6666666666666666,0.0,-4.0,0.333,23.9,-0.1,0.0,-0.1,-0.166,-13.4,https://www.sports-reference.com/cbb/schools/missouri/men/2024.html
Kobe Young,kobe-young,Boise State,boise-state,Mountain West,D1,Cal State Fullerton,cal-state-fullerton,2024-25,2023-24,D1,sports_reference_source_school_cache,,G,25,0,4.1,102.49999999999999,0.1025,1.1,1.1,0.2,0.1,0.0,0.2,0.45,0.222,0.875,0.5,0.5901287553648069,0.5,0.37499999999999994,14.4,0.567,14.3,0.2,0.2,0.4,0.136,2.6,https://www.sports-reference.com/cbb/schools/boise-state/men/2024.html
Zion Richardson,zion-richardson,Quincy,quincy,GLVC,D2,Cal State Fullerton,cal-state-fullerton,2024-25,2023-24,D2,phase1_school_stats,Sr.,G,26,,32.19230769230769,837.0,0.8048076923076923,17.692307692307693,7.1923076923076925,1.8076923076923077,1.1923076923076923,0.19230769230769232,1.7692307692307692,0.429,0.336,0.844,0.48753462603878117,0.5511358190357519,0.3462603878116344,0.3545706371191136,,,,,,,,,https://quhawks.com/sports/mens-basketball/stats/2023-24
Festus Ndumanya,festus-ndumanya,Southern,southern,SWAC,D1,Cal State Northridge,cal-state-northridge,2024-25,2023-24,D1,sports_reference_source_school_cache,,F,4,3,9.0,36.0,0.225,0.5,2.0,0.3,0.0,0.3,0.5,0.1,0.0,0.0,0.1,0.1,0.0,0.0,-6.1,0.1,16.6,-0.1,0.1,-0.1,-0.096,-17.0,https://www.sports-reference.com/cbb/schools/southern/men/2024.html
Grady Lewis,grady-lewis,Cal State East Bay,cal-state-east-bay,CCAA,D2,Cal State Northridge,cal-state-northridge,2024-25,2023-24,D2,phase1_school_stats,Jr.,C,29,,29.620689655172413,859.0,0.7405172413793103,14.689655172413794,7.379310344827586,1.206896551724138,0.7931034482758621,1.103448275862069,1.9310344827586208,0.686,0.0,0.509,0.6863468634686347,0.6705704571212694,0.0,0.39114391143911437,,,,,,,,,https://eastbaypioneers.com/sports/mens-basketball/stats/2023-24
Judson Martindale,judson-martindale,Pacific,pacific,West Coast,D1,Cal State Northridge,cal-state-northridge,2024-25,2023-24,D1,sports_reference_source_school_cache,,G,30,22,25.2,756.0,0.63,9.1,1.9,0.8,0.6,0.2,1.2,0.428,0.375,0.745,0.523,0.555419921875,0.5,0.24324324324324323,10.3,0.55,19.9,0.4,0.0,0.3,0.017,-5.2,https://www.sports-reference.com/cbb/schools/pacific/men/2024.html
"Marcus Adams, Jr.",marcus-adams-jr,Brigham Young,brigham-young,Big XII,D1,Cal State Northridge,cal-state-northridge,2024-25,2023-24,D1,sports_reference_source_school_cache,,F,1,0,8.0,8.0,0.2,2.0,2.0,1.0,0.0,0.0,0.0,0.167,0.0,0.0,0.167,0.16666666666666666,0.5,0.0,-11.0,0.167,36.7,0.0,0.0,0.0,-0.164,-39.3,https://www.sports-reference.com/cbb/schools/brigham-young/men/2024.html
Scotty Washington,scotty-washington,California Baptist,california-baptist,WAC,D1,Cal State Northridge,cal-state-northridge,2024-25,2023-24,D1,sports_reference_source_school_cache,,G,33,18,21.0,693.0,0.525,8.5,1.6,0.5,0.2,0.3,0.8,0.394,0.397,0.796,0.508,0.5407124681933843,0.5694444444444444,0.20833333333333331,11.9,0.538,21.2,1.0,0.9,1.9,0.109,-0.1,https://www.sports-reference.com/cbb/schools/california-baptist/men/2024.html
Tyler Beard,tyler-beard,Pacific,pacific,West Coast,D1,Cal State Northridge,cal-state-northridge,2024-25,2023-24,D1,sports_reference_source_school_cache,,G,30,7,18.4,552.0,0.45999999999999996,4.4,2.1,1.7,0.3,0.1,0.7,0.331,0.343,0.6,0.411,0.42145593869731807,0.45999999999999996,0.1,7.5,0.421,17.2,-0.3,0.0,-0.3,-0.02,-7.1,https://www.sports-reference.com/cbb/schools/pacific/men/2024.html
Gytis Nemeikša,gytis-nemeika,Xavier,xavier,Big East,D1,Hawaii,hawaii,2024-25,2023-24,D1,sports_reference_source_school_cache,,F,34,20,18.5,629.0,0.4625,5.2,4.2,0.9,0.2,0.4,1.0,0.469,0.364,0.647,0.524,0.5485232067510548,0.3023255813953489,0.23255813953488372,12.0,0.539,15.0,0.6,0.6,1.3,0.082,1.7,https://www.sports-reference.com/cbb/schools/xavier/men/2024.html
Jerome Palm,jerome-palm,Valparaiso,valparaiso,Missouri Valley,D1,Hawaii,hawaii,2024-25,2023-24,D1,sports_reference_source_school_cache,,F,27,17,14.8,399.6,0.37,4.7,3.8,0.4,0.4,0.1,0.7,0.487,0.25,0.531,0.491,0.49703891708967857,0.023809523809523808,0.2857142857142857,13.6,0.499,18.7,0.2,0.4,0.6,0.063,-3.2,https://www.sports-reference.com/cbb/schools/valparaiso/men/2024.html
Marcus Greene,marcus-greene2,Houston Christian,houston-christian,Southland,D1,Hawaii,hawaii,2024-25,2023-24,D1,sports_reference_source_school_cache,,G,28,28,32.5,910.0,0.8125,15.1,3.6,3.0,1.0,0.2,2.4,0.451,0.427,0.786,0.544,0.5798771121351767,0.4358974358974359,0.25641025641025644,16.2,0.575,22.2,1.7,0.3,2.0,0.086,-1.4,https://www.sports-reference.com/cbb/schools/houston-baptist/men/2024.html
Tanner Christensen,tanner-christensen,Utah Tech,utah-tech,WAC,D1,Hawaii,hawaii,2024-25,2023-24,D1,sports_reference_source_school_cache,,F,31,31,30.3,939.3000000000001,0.7575000000000001,11.5,6.8,2.0,0.5,1.5,2.2,0.564,0.176,0.6,0.576,0.6002087682672234,0.14473684210526316,0.5921052631578948,16.8,0.588,19.4,1.5,1.1,2.6,0.11,0.4,https://www.sports-reference.com/cbb/schools/dixie-state/men/2024.html
Cam Denson,cam-denson,Pacific,pacific,West Coast,D1,Long Beach State,long-beach-state,2024-25,2023-24,D1,sports_reference_source_school_cache,,F,31,29,22.5,697.5,0.5625,8.5,4.6,1.0,0.7,0.6,1.5,0.495,0.167,0.505,0.502,0.5157766990291262,0.08955223880597014,0.5223880597014925,13.5,0.508,23.2,0.2,0.3,0.5,0.028,-5.1,https://www.sports-reference.com/cbb/schools/pacific/men/2024.html
Derrick Michael Xzavierro,derrick-michael-xzavierro,GCU,gcu,WAC,D1,Long Beach State,long-beach-state,2024-25,2023-24,D1,sports_reference_source_school_cache,,F,14,0,3.7,51.800000000000004,0.0925,1.7,2.0,0.2,0.0,0.1,0.2,0.563,0.333,0.571,0.625,0.6439393939393939,0.36363636363636365,0.45454545454545453,26.8,0.621,21.0,0.2,0.2,0.3,0.255,-3.6,https://www.sports-reference.com/cbb/schools/grand-canyon/men/2024.html
Devin Askew,devin-askew,California,california,PAC 12,D1,Long Beach State,long-beach-state,2024-25,2023-24,D1,sports_reference_source_school_cache,,G,6,3,24.3,145.8,0.6075,6.2,4.2,2.5,0.7,0.0,1.8,0.313,0.143,0.789,0.344,0.46213476446034585,0.43396226415094336,0.6037735849056605,8.9,0.451,17.8,0.0,0.1,0.1,0.033,-4.7,https://www.sports-reference.com/cbb/schools/california/men/2024.html
T.J. Wainwright,tj-wainwright,Robert Morris,robert-morris,Horizon,D1,Long Beach State,long-beach-state,2024-25,2023-24,D1,sports_reference_source_school_cache,,G,27,6,22.6,610.2,0.5650000000000001,10.0,2.1,1.4,0.5,0.1,1.9,0.428,0.333,0.753,0.502,0.5441880713974749,0.45,0.3375,12.6,0.543,24.4,0.7,0.3,1.0,0.066,-4.1,https://www.sports-reference.com/cbb/schools/robert-morris/men/2024.html
"Carl Daughtery, Jr.",carl-daughtery-jr,Central Arkansas,central-arkansas,ASUN,D1,UC Davis,uc-davis,2024-25,2023-24,D1,sports_reference_source_school_cache,,G,29,10,19.2,556.8,0.48,9.9,2.7,0.3,0.9,0.2,1.2,0.375,0.31,0.735,0.428,0.45630530973451333,0.33663366336633666,0.16831683168316833,12.7,0.454,30.6,-0.1,0.3,0.3,0.02,-7.7,https://www.sports-reference.com/cbb/schools/central-arkansas/men/2024.html
Derek Sangster,derek-sangster,Princeton,princeton,Ivy,D1,UC Davis,uc-davis,2024-25,2023-24,D1,sports_reference_source_school_cache,,F,13,0,3.8,49.4,0.095,1.4,0.7,0.2,0.0,0.4,0.2,0.333,0.364,0.667,0.444,0.4704301075268817,0.5714285714285715,0.14285714285714288,15.8,0.463,23.1,0.1,0.1,0.1,0.114,6.6,https://www.sports-reference.com/cbb/schools/princeton/men/2024.html
Nils Cooper,nils-cooper,Pepperdine,pepperdine,West Coast,D1,UC Davis,uc-davis,2024-25,2023-24,D1,sports_reference_source_school_cache,,G,33,2,19.9,656.6999999999999,0.49749999999999994,5.0,2.8,0.9,0.9,0.3,0.4,0.466,0.211,0.681,0.5,0.5595344673231871,0.34285714285714286,0.6285714285714287,14.1,0.549,12.7,1.2,0.7,1.8,0.112,1.1,https://www.sports-reference.com/cbb/schools/pepperdine/men/2024.html
Kyle Evans,kyle-evans,Colorado State,colorado-state,Mountain West,D1,UC Irvine,uc-irvine,2024-25,2023-24,D1,sports_reference_source_school_cache,,F,9,0,5.8,52.199999999999996,0.145,2.0,1.3,0.4,0.1,0.3,0.7,0.8,0.0,0.667,0.8,0.8116883116883116,0.18181818181818182,0.2727272727272727,18.4,0.788,18.0,0.0,0.1,0.2,0.118,2.4,https://www.sports-reference.com/cbb/schools/colorado-state/men/2024.html
Myles Che,myles-che,Chattanooga,chattanooga,Southern,D1,UC Irvine,uc-irvine,2024-25,2023-24,D1,sports_reference_source_school_cache,,G,28,16,19.4,543.1999999999999,0.485,7.5,2.4,1.9,0.6,0.1,1.8,0.527,0.333,0.764,0.579,0.6167763157894737,0.3076923076923077,0.3846153846153846,14.5,0.613,20.9,0.9,0.6,1.5,0.11,-3.4,https://www.sports-reference.com/cbb/schools/chattanooga/men/2024.html
Joel Armotrading,joel-armotrading,Cal Poly,cal-poly,Big West,D1,UC Riverside,uc-riverside,2024-25,2023-24,D1,sports_reference_source_school_cache,,C,30,11,19.4,582.0,0.485,5.0,4.8,0.4,0.4,1.3,1.1,0.543,0.0,0.59,0.543,0.577100646352724,0.0,0.9032258064516128,15.2,0.567,14.8,0.6,0.7,1.3,0.088,-4.3,https://www.sports-reference.com/cbb/schools/cal-poly/men/2024.html
Rikus Schulte,rikus-schulte,Davidson,davidson,Atlantic 10,D1,UC Riverside,uc-riverside,2024-25,2023-24,D1,sports_reference_source_school_cache,,F,13,0,6.1,79.3,0.1525,1.2,1.5,0.2,0.2,0.2,0.5,0.462,0.4,0.333,0.538,0.551470588235294,0.4,0.2,12.1,0.52,13.8,0.0,0.1,0.1,0.072,0.9,https://www.sports-reference.com/cbb/schools/davidson/men/2024.html
Chris Howell,chris-howell,Saint Mary's,saint-marys,West Coast,D1,UC San Diego,uc-san-diego,2024-25,2023-24,D1,sports_reference_source_school_cache,,G,31,0,10.5,325.5,0.2625,1.5,1.4,0.7,0.5,0.2,0.4,0.296,0.188,0.667,0.352,0.39978678038379534,0.5882352941176471,0.23529411764705885,6.9,0.385,11.5,0.0,0.8,0.8,0.104,-0.1,https://www.sports-reference.com/cbb/schools/saint-marys-ca/men/2024.html
Justin Rochelin,justin-rochelin,Oregon State,oregon-state,PAC 12,D1,UC San Diego,uc-san-diego,2024-25,2023-24,D1,sports_reference_source_school_cache,,G,27,2,10.9,294.3,0.2725,2.1,1.7,0.4,0.6,0.0,0.6,0.3,0.233,0.8,0.383,0.4261363636363636,0.7272727272727273,0.2727272727272727,5.8,0.432,15.2,-0.2,0.4,0.2,0.031,-2.5,https://www.sports-reference.com/cbb/schools/oregon-state/men/2024.html
Maximo Milovich,maximo-milovich,Biola,biola,PacWest,D2,UC San Diego,uc-san-diego,2024-25,2023-24,D2,phase1_school_stats,Sr.,C,29,,26.620689655172413,772.0,0.6655172413793103,9.275862068965518,9.689655172413794,1.5517241379310345,0.6206896551724138,0.3103448275862069,1.1379310344827587,0.465,0.315,0.571,0.5046511627906977,0.5273682559598495,0.25116279069767444,0.4232558139534884,,,,,,,,,https://athletics.biola.edu/sports/mens-basketball/stats/2023-24
Miloš Vićentić,milo-vienti,McKendree,mckendree,GLVC,D2,UC San Diego,uc-san-diego,2024-25,2023-24,D2,phase1_school_stats,Sr.,W,28,,33.57142857142857,940.0,0.8392857142857142,21.535714285714285,5.035714285714286,0.8571428571428571,0.5357142857142857,0.5,2.5357142857142856,0.533,0.412,0.794,0.597254004576659,0.6256744417697352,0.3112128146453089,0.2334096109839817,,,,,,,,,https://mckbearcats.com/sports/mens-basketball/stats/2023-24
Nordin Kapić,nordin-kapi,Lynn,lynn,SSC,D2,UC San Diego,uc-san-diego,2024-25,2023-24,D2,phase1_school_stats,Jr.,F,27,,31.40740740740741,848.0,0.7851851851851852,19.25925925925926,9.185185185185185,2.111111111111111,1.0740740740740742,0.9629629629629629,2.2962962962962963,0.501,0.413,0.758,0.5568513119533528,0.6145409851564716,0.26822157434402333,0.5306122448979592,,,,,,,,,https://lynnfightingknights.com/sports/mens-basketball/stats/2023-24
Colin Smith,colin-smith,Vanderbilt,vanderbilt,SEC,D1,UC Santa Barbara,uc-santa-barbara,2024-25,2023-24,D1,sports_reference_source_school_cache,,F,7,6,25.4,177.79999999999998,0.635,7.1,6.6,0.3,1.0,0.3,1.0,0.354,0.273,0.538,0.448,0.4588934850051706,0.6811594202898551,0.27536231884057966,12.9,0.461,17.5,0.1,0.2,0.2,0.054,-1.3,https://www.sports-reference.com/cbb/schools/vanderbilt/men/2024.html
Kenny Pohto,kenny-pohto,Wichita State,wichita-state,American,D1,UC Santa Barbara,uc-santa-barbara,2024-25,2023-24,D1,sports_reference_source_school_cache,,F,34,14,22.4,761.5999999999999,0.5599999999999999,8.8,5.9,1.2,0.5,0.3,1.3,0.471,0.209,0.632,0.49,0.5218216318785579,0.18055555555555555,0.38888888888888884,17.2,0.517,21.6,1.2,0.9,2.2,0.113,0.7,https://www.sports-reference.com/cbb/schools/wichita-state/men/2024.html
Kieves Turner,kieves-turner,San Diego,san-diego,West Coast,D1,UC Santa Barbara,uc-santa-barbara,2024-25,2023-24,D1,sports_reference_source_school_cache,,G,31,13,25.6,793.6,0.64,15.5,2.4,1.9,0.9,0.1,2.1,0.406,0.374,0.858,0.491,0.5534133104827192,0.45081967213114754,0.3360655737704918,18.3,0.548,30.7,1.4,0.5,1.9,0.098,2.2,https://www.sports-reference.com/cbb/schools/san-diego/men/2024.html
Max Murrell,max-murrell,Stanford,stanford,PAC 12,D1,UC Santa Barbara,uc-santa-barbara,2024-25,2023-24,D1,sports_reference_source_school_cache,,F,17,2,14.7,249.89999999999998,0.3675,2.6,2.1,0.6,0.4,0.9,0.5,0.366,0.304,0.727,0.451,0.48798798798798804,0.5833333333333334,0.25,9.8,0.487,11.0,0.1,0.3,0.4,0.069,1.0,https://www.sports-reference.com/cbb/schools/stanford/men/2024.html
Stephan Swenson,stephan-swenson,Stetson,stetson,ASUN,D1,UC Santa Barbara,uc-santa-barbara,2024-25,2023-24,D1,sports_reference_source_school_cache,,G,35,35,33.3,1165.5,0.8324999999999999,13.9,4.7,5.8,1.5,0.1,2.7,0.41,0.324,0.819,0.466,0.5128394332939787,0.33884297520661155,0.2727272727272727,18.4,0.511,25.3,2.3,1.2,3.5,0.12,-0.8,https://www.sports-reference.com/cbb/schools/stetson/men/2024.html
Hamad Mousa,hamad-mousa,Dayton,dayton,Atlantic 10,D1,Cal Poly,cal-poly,2025-26,2024-25,D1,sports_reference_source_school_cache,,G,20,0,7.6,152.0,0.19,1.3,0.5,0.4,0.2,0.0,0.6,0.304,0.077,0.688,0.326,0.41881443298969073,0.5833333333333334,0.6666666666666667,2.7,0.425,14.6,-0.2,0.1,-0.1,-0.014,-8.8,https://www.sports-reference.com/cbb/schools/dayton/men/2025.html
A.J. George,aj-george,SMU,smu,ACC,D1,Cal State Bakersfield,cal-state-bakersfield,2025-26,2024-25,D1,sports_reference_source_school_cache,,F,22,0,6.5,143.0,0.1625,2.0,1.0,0.2,0.2,0.1,0.4,0.6,0.333,0.667,0.64,0.6887052341597796,0.2727272727272727,0.7272727272727273,13.4,0.656,14.2,0.2,0.2,0.4,0.112,0.5,https://www.sports-reference.com/cbb/schools/southern-methodist/men/2025.html
Caleb McCarty,caleb-mccarty,South Carolina State,south-carolina-state,MEAC,D1,Cal State Bakersfield,cal-state-bakersfield,2025-26,2024-25,D1,sports_reference_source_school_cache,,F,26,2,18.0,468.0,0.45,4.1,3.3,0.6,0.7,1.1,1.0,0.589,0.5,0.645,0.596,0.6159855769230769,0.03571428571428572,0.4285714285714286,12.8,0.61,11.6,0.5,0.9,1.4,0.121,-3.4,https://www.sports-reference.com/cbb/schools/south-carolina-state/men/2025.html
Dailin Smith,dailin-smith,Alabama A&M,alabama-a-m,SWAC,D1,Cal State Bakersfield,cal-state-bakersfield,2025-26,2022-23,D1,sports_reference_source_school_cache,,G,28,27,24.6,688.8000000000001,0.615,10.5,2.6,1.1,1.2,0.6,2.0,0.479,0.355,0.707,0.508,0.5812666076173605,0.16417910447761194,0.7910447761194029,16.8,0.572,22.6,1.1,0.9,2.0,0.116,-2.3,https://www.sports-reference.com/cbb/schools/alabama-am/men/2023.html
"Pierre Geneste, Jr.",pierre-geneste-jr,Fresno State,fresno-state,Mountain West,D1,Cal State Bakersfield,cal-state-bakersfield,2025-26,2024-25,D1,sports_reference_source_school_cache,,F,19,4,10.6,201.4,0.265,1.4,2.3,0.0,0.2,0.5,0.4,0.478,0.0,0.364,0.478,0.4781420765027322,0.0,0.5,8.6,0.461,8.6,0.0,0.1,0.2,0.033,-3.9,https://www.sports-reference.com/cbb/schools/fresno-state/men/2025.html
Ronald Jessamy,ronald-jessamy,Tennessee State,tennessee-state,Ohio Valley,D1,Cal State Bakersfield,cal-state-bakersfield,2025-26,2024-25,D1,sports_reference_source_school_cache,,F,26,10,18.7,486.2,0.46749999999999997,8.9,5.8,0.7,0.3,1.3,1.8,0.592,0.0,0.627,0.592,0.6166851441241685,0.0,0.7090909090909091,21.2,0.609,23.2,0.9,1.1,1.9,0.16,-1.6,https://www.sports-reference.com/cbb/schools/tennessee-state/men/2025.html
Bailey Nunn,bailey-nunn,Sacramento State,sacramento-state,Big Sky,D1,Cal State Fullerton,cal-state-fullerton,2025-26,2024-25,D1,sports_reference_source_school_cache,,G,30,20,29.1,873.0,0.7275,6.5,2.4,3.6,0.6,0.0,1.9,0.273,0.27,0.677,0.352,0.40004923682914817,0.5833333333333334,0.2916666666666667,5.8,0.395,18.3,-0.5,0.7,0.2,0.009,-8.5,https://www.sports-reference.com/cbb/schools/sacramento-state/men/2025.html
Jaden Henderson,jaden-henderson,Concordia Irvine,concordia-irvine,PacWest,D2,Cal State Fullerton,cal-state-fullerton,2025-26,2024-25,D2,phase1_school_stats,Sr.,G,28,,32.214285714285715,902.0,0.8053571428571429,15.964285714285714,4.178571428571429,2.392857142857143,1.3214285714285714,0.14285714285714285,2.5714285714285716,0.481,0.322,0.857,0.5208333333333334,0.5630290205562274,0.25,0.23333333333333334,,,,,,,,,https://cuigoldeneagles.com/sports/mens-basketball/stats/2024-25
Jefferson De La Cruz Monegro,jefferson-monegro,Valparaiso,valparaiso,Missouri Valley,D1,Cal State Fullerton,cal-state-fullerton,2025-26,2024-25,D1,sports_reference_source_school_cache,,G,34,32,29.0,986.0,0.725,10.1,2.8,1.6,0.9,0.3,1.5,0.38,0.32,0.789,0.438,0.5144661776691117,0.35802469135802467,0.4814814814814815,12.0,0.512,20.1,0.9,0.9,1.9,0.075,-2.1,https://www.sports-reference.com/cbb/schools/valparaiso/men/2025.html
Joshua Ward,joshua-ward,Palm Beach Atlantic,palm-beach-atlantic,SSC,D2,Cal State Fullerton,cal-state-fullerton,2025-26,2024-25,D2,phase1_school_stats,Sr.,G,29,,32.13793103448276,932.0,0.803448275862069,14.96551724137931,5.0344827586206895,4.0344827586206895,1.7241379310344827,0.4827586206896552,2.3793103448275863,0.457,0.29,0.85,0.49573863636363635,0.547979797979798,0.26420454545454547,0.2840909090909091,,,,,,,,,https://pbasailfish.com/sports/mens-basketball/stats/2024-25
Landon Seaman,landon-seaman,Menlo,menlo,PacWest,D2,Cal State Fullerton,cal-state-fullerton,2025-26,2024-25,D2,phase1_school_stats,Sr.,F,26,,33.11538461538461,861.0,0.8278846153846153,19.807692307692307,7.153846153846154,2.0,1.3076923076923077,0.8461538461538461,3.1153846153846154,0.534,0.0,0.745,0.5343915343915344,0.5805302552078636,0.0026455026455026454,0.3941798941798942,,,,,,,,,https://menloathletics.com/sports/mens-basketball/stats/2024-25
Aleks Szymczyk,aleksander-szymczyk,Charlotte,charlotte,American,D1,Cal State Northridge,cal-state-northridge,2025-26,2024-25,D1,sports_reference_source_school_cache,,F,20,0,4.9,98.0,0.12250000000000001,1.1,0.8,0.2,0.0,0.0,0.4,0.296,0.286,0.286,0.37,0.34898477157360414,0.5,0.28571428571428575,-1.8,0.363,21.2,-0.3,0.0,-0.2,-0.093,-16.0,https://www.sports-reference.com/cbb/schools/charlotte/men/2025.html
Josh O'Garro,josh-ogarro,Texas State,texas-state,Sun Belt,D1,Cal State Northridge,cal-state-northridge,2025-26,2024-25,D1,sports_reference_source_school_cache,,G,32,25,30.1,963.2,0.7525000000000001,9.6,7.0,1.6,0.9,0.6,1.1,0.45,0.333,0.849,0.494,0.5589194224499301,0.27027027027027023,0.36486486486486486,16.9,0.552,16.4,1.9,1.3,3.2,0.133,0.0,https://www.sports-reference.com/cbb/schools/texas-state/men/2025.html
Josiah Davis,josiah-davis,Niagara,niagara,MAAC,D1,Cal State Northridge,cal-state-northridge,2025-26,2024-25,D1,sports_reference_source_school_cache,,G,22,20,27.8,611.6,0.6950000000000001,9.4,3.5,3.1,1.0,0.1,2.7,0.457,0.238,0.671,0.472,0.5231522707034728,0.13513513513513511,0.48648648648648646,12.6,0.516,23.4,0.2,0.6,0.7,0.048,-6.6,https://www.sports-reference.com/cbb/schools/niagara/men/2025.html
"Larry Hughes, Jr.",larry-hughes-jr,Saint Louis,saint-louis,Atlantic 10,D1,Cal State Northridge,cal-state-northridge,2025-26,2024-25,D1,sports_reference_source_school_cache,,G,7,0,15.1,105.7,0.3775,4.7,2.1,0.7,0.1,0.3,0.4,0.4,0.346,0.0,0.55,0.5465116279069768,0.8604651162790699,0.0,9.9,0.55,16.5,0.1,0.1,0.2,0.091,-7.0,https://www.sports-reference.com/cbb/schools/saint-louis/men/2025.html
Quinton Webb,quinton-webb,New Mexico,new-mexico,Mountain West,D1,Cal State Northridge,cal-state-northridge,2025-26,2024-25,D1,sports_reference_source_school_cache,,G,13,0,4.0,52.0,0.1,0.5,0.5,0.2,0.2,0.0,0.2,0.286,0.2,0.286,0.357,0.3472222222222222,0.8,1.0,3.6,0.339,12.1,-0.1,0.1,0.0,0.032,-7.0,https://www.sports-reference.com/cbb/schools/new-mexico/men/2025.html
Dre Bullock,quandre-bullock,South Dakota,south-dakota,Summit League,D1,Hawaii,hawaii,2025-26,2024-25,D1,sports_reference_source_school_cache,,G,30,12,22.8,684.0,0.5700000000000001,12.1,3.6,1.6,1.4,0.5,1.5,0.439,0.32,0.756,0.52,0.5853328173374612,0.5119047619047619,0.5238095238095238,20.6,0.574,24.3,1.7,0.6,2.3,0.135,2.4,https://www.sports-reference.com/cbb/schools/south-dakota/men/2025.html
Hunter Erickson,hunter-erickson,Utah,utah,Big XII,D1,Hawaii,hawaii,2025-26,2024-25,D1,sports_reference_source_school_cache,,G,33,2,17.8,587.4,0.445,3.8,1.6,1.5,0.5,0.3,0.8,0.4,0.347,0.821,0.532,0.5842558425584256,0.7586206896551725,0.27586206896551724,9.7,0.572,11.2,0.6,0.6,1.2,0.084,1.9,https://www.sports-reference.com/cbb/schools/utah/men/2025.html
Isaac Johnson,isaac-johnson,Utah State,utah-state,Mountain West,D1,Hawaii,hawaii,2025-26,2024-25,D1,sports_reference_source_school_cache,,C,30,12,8.7,261.0,0.21749999999999997,3.7,1.7,0.3,0.4,0.2,0.4,0.435,0.333,0.722,0.527,0.5499405469678954,0.5483870967741935,0.1935483870967742,16.6,0.547,22.1,0.4,0.4,0.8,0.13,1.5,https://www.sports-reference.com/cbb/schools/utah-state/men/2025.html
Isaiah Kerr,isaiah-kerr,Chico State,chico-state,CCAA,D2,Hawaii,hawaii,2025-26,2024-25,D2,phase1_school_stats,Jr.,G,29,,32.89655172413793,954.0,0.8224137931034482,13.206896551724139,4.068965517241379,3.1724137931034484,0.7931034482758621,0.41379310344827586,2.103448275862069,0.461,0.35,0.698,0.53125,0.5602036040252749,0.40460526315789475,0.28289473684210525,,,,,,,,,https://chicowildcats.com/sports/mens-basketball/stats/2024-25
Jalen Myers,jalen-myers,Norfolk State,norfolk-state,MEAC,D1,Hawaii,hawaii,2025-26,2024-25,D1,sports_reference_source_school_cache,,F,31,29,25.0,775.0,0.625,10.5,5.4,1.0,0.7,0.4,1.3,0.521,0.333,0.86,0.567,0.6310096153846153,0.2714285714285714,0.42857142857142855,19.1,0.624,19.7,2.1,1.3,3.4,0.176,1.3,https://www.sports-reference.com/cbb/schools/norfolk-state/men/2025.html
Tanner Cuff,tanner-cuff,Evansville,evansville,Missouri Valley,D1,Hawaii,hawaii,2025-26,2024-25,D1,sports_reference_source_school_cache,,G,32,32,32.8,1049.6,0.82,8.8,6.2,3.2,1.3,0.3,1.3,0.495,0.333,0.602,0.528,0.5478087649402391,0.1911764705882353,0.4117647058823529,15.2,0.545,15.3,1.5,1.5,3.0,0.115,0.3,https://www.sports-reference.com/cbb/schools/evansville/men/2025.html
Yacine Toumi,yacine-toumi,Seton Hall,seton-hall,Big East,D1,Hawaii,hawaii,2025-26,2024-25,D1,sports_reference_source_school_cache,,G,29,2,16.4,475.59999999999997,0.41,3.9,2.8,0.7,0.5,0.4,0.9,0.38,0.25,0.477,0.421,0.44724770642201833,0.3243243243243243,0.4054054054054054,8.6,0.434,17.3,-0.2,0.5,0.3,0.026,-2.5,https://www.sports-reference.com/cbb/schools/seton-hall/men/2025.html
Cole Farrell,cole-farrell,Portland State,portland-state,Big Sky,D1,Long Beach State,long-beach-state,2025-26,2024-25,D1,sports_reference_source_school_cache,,G,31,1,18.6,576.6,0.465,6.5,2.0,0.9,0.7,0.2,0.5,0.428,0.377,0.556,0.492,0.5030959752321982,0.3448275862068966,0.25862068965517243,12.6,0.502,18.5,0.7,0.9,1.6,0.111,-2.0,https://www.sports-reference.com/cbb/schools/portland-state/men/2025.html
Grant Gondrezick II,grant-gondrezick,Detroit Mercy,detroit-mercy,Horizon,D1,Long Beach State,long-beach-state,2025-26,2024-25,D1,sports_reference_source_school_cache,,G,21,9,22.9,480.9,0.5725,8.4,3.1,1.7,0.6,0.0,1.2,0.365,0.415,0.759,0.425,0.45572916666666674,0.29069767441860467,0.1627906976744186,10.5,0.452,23.2,0.1,0.3,0.4,0.036,-4.5,https://www.sports-reference.com/cbb/schools/detroit-mercy/men/2025.html
Isaiah Lewis,isaiah-lewis2,Little Rock,little-rock,Ohio Valley,D1,Long Beach State,long-beach-state,2025-26,2024-25,D1,sports_reference_source_school_cache,,G,33,25,31.1,1026.3,0.7775000000000001,9.4,3.6,3.0,1.6,0.2,2.7,0.35,0.287,0.772,0.4,0.43325958702064904,0.34653465346534656,0.16831683168316833,8.3,0.431,22.4,-0.9,1.8,0.9,0.037,-6.6,https://www.sports-reference.com/cbb/schools/arkansas-little-rock/men/2025.html
Petar Majstorović,petar-majstorovi,Syracuse,syracuse,ACC,D1,Long Beach State,long-beach-state,2025-26,2024-25,D1,sports_reference_source_school_cache,,F,31,0,13.3,412.3,0.3325,2.6,3.2,0.7,0.4,0.3,0.8,0.484,0.417,0.538,0.523,0.5301794453507341,0.19047619047619047,0.38095238095238093,10.8,0.53,12.4,0.3,0.4,0.7,0.067,0.1,https://www.sports-reference.com/cbb/schools/syracuse/men/2025.html
Rob Diaz III,robert-diaz,Cal Poly Humboldt,cal-poly-humboldt,CCAA,D2,Long Beach State,long-beach-state,2025-26,2024-25,D2,phase1_school_stats,Jr.,G,29,,32.96551724137931,956.0,0.8241379310344827,16.03448275862069,3.7586206896551726,2.1379310344827585,1.8275862068965518,0.896551724137931,1.8620689655172413,0.517,0.365,0.763,0.5771428571428572,0.6035825545171339,0.32857142857142857,0.22857142857142856,,,,,,,,,https://humboldtathletics.com/sports/mens-basketball/roster/rob-diaz-iii/10223
Shaquil Bender,shaquil-bender,Manhattan,manhattan,MAAC,D1,Long Beach State,long-beach-state,2025-26,2024-25,D1,sports_reference_source_school_cache,,G,31,31,31.5,976.5,0.7875,11.2,3.5,2.0,0.9,0.1,1.8,0.374,0.248,0.857,0.427,0.4485741749439282,0.43333333333333335,0.09166666666666667,9.7,0.448,22.9,0.1,0.6,0.7,0.028,-7.0,https://www.sports-reference.com/cbb/schools/manhattan/men/2025.html
"Shay Johnson, Jr.",demarshay-johnson-jr,San Diego State,san-diego-state,Mountain West,D1,Long Beach State,long-beach-state,2025-26,2024-25,D1,sports_reference_source_school_cache,,F,15,0,4.4,66.0,0.11000000000000001,1.1,0.7,0.0,0.1,0.3,0.3,0.727,0.0,0.333,0.727,0.6979695431472083,0.0,0.28571428571428575,12.3,0.684,13.0,0.1,0.1,0.2,0.106,-1.1,https://www.sports-reference.com/cbb/schools/san-diego-state/men/2025.html
Brayden Fagbemi,brayden-fagbemi,Central Arkansas,central-arkansas,ASUN,D1,UC Davis,uc-davis,2025-26,2024-25,D1,sports_reference_source_school_cache,,G,31,27,32.9,1019.9,0.8225,11.4,4.1,4.7,1.5,0.0,2.5,0.378,0.281,0.821,0.45,0.48851559821734664,0.5140186915887851,0.20560747663551404,13.7,0.486,21.8,0.7,0.6,1.2,0.049,-3.4,https://www.sports-reference.com/cbb/schools/central-arkansas/men/2025.html
Marcus Wilson,marcus-wilson,Washington State,washington-state,West Coast,D1,UC Davis,uc-davis,2025-26,2024-25,D1,sports_reference_source_school_cache,,G,4,0,7.5,30.0,0.1875,1.5,0.8,0.5,0.3,0.0,0.0,0.4,0.667,0.0,0.6,0.5769230769230769,0.6153846153846154,0.0,8.5,0.6,8.2,0.1,0.0,0.1,0.106,0.3,https://www.sports-reference.com/cbb/schools/washington-state/men/2025.html
Derin Saran,derin-saran,Stanford,stanford,ACC,D1,UC Irvine,uc-irvine,2025-26,2024-25,D1,sports_reference_cache,SO,G,5,0,4.0,20.0,0.1,0.6,0.6,0.2,0.0,0.0,0.0,1.0,1.0,0.0,1.5,1.4999999999999998,1.0,0.0,12.7,1.5,2.6,0.1,0.0,0.1,0.128,3.6,https://www.sports-reference.com/cbb/players/derin-saran-1.html
Harrison Carrington,harrison-carrington,Colorado,colorado,Big XII,D1,UC Irvine,uc-irvine,2025-26,2024-25,D1,sports_reference_source_school_cache,,G,30,1,8.9,267.0,0.2225,3.1,1.2,0.2,0.3,0.2,0.7,0.609,0.333,0.769,0.674,0.7480694980694981,0.39999999999999997,0.8666666666666667,14.6,0.713,16.2,0.5,0.3,0.8,0.114,3.0,https://www.sports-reference.com/cbb/schools/colorado/men/2025.html
Andrew Henderson,andrew-henderson,Cal State San Bernardino,cal-state-san-bernardino,CCAA,D2,UC Riverside,uc-riverside,2025-26,2024-25,D2,phase1_school_stats,Sr.,G,35,,33.8,1183.0,0.845,17.257142857142856,6.8,1.5142857142857142,1.4285714285714286,0.8857142857142857,2.142857142857143,0.47,0.366,0.789,0.5328389830508474,0.5716232586311326,0.3411016949152542,0.2711864406779661,,,,,,,,,https://csusbathletics.com/sports/mens-basketball/stats/2024-25
B.J. Kolly,bj-kolly,Montana State,montana-state,Big Sky,D1,UC Riverside,uc-riverside,2025-26,2024-25,D1,sports_reference_source_school_cache,,F,24,0,8.6,206.39999999999998,0.215,2.3,1.5,0.6,0.2,0.5,0.8,0.525,0.0,0.737,0.525,0.560428849902534,0.0,0.4705882352941177,12.3,0.571,17.7,0.1,0.3,0.4,0.079,-3.3,https://www.sports-reference.com/cbb/schools/montana-state/men/2025.html
Daniel Tobiloba,daniel-tobiloba,South Florida,south-florida,American,D1,UC Riverside,uc-riverside,2025-26,2024-25,D1,sports_reference_source_school_cache,,C,9,1,5.0,45.0,0.125,0.7,1.8,0.0,0.2,0.2,0.1,0.5,0.0,0.5,0.5,0.6076388888888887,0.0,1.0,13.4,0.508,7.7,0.1,0.1,0.1,0.123,-4.5,https://www.sports-reference.com/cbb/schools/south-florida/men/2025.html
"De'Undrae Perteete, Jr.",deundrae-perteete,Westmont,westmont,PacWest,D2,UC Riverside,uc-riverside,2025-26,2024-25,D2,phase1_school_stats,So.,F,29,,34.758620689655174,1008.0,0.8689655172413794,10.551724137931034,4.689655172413793,2.0344827586206895,1.0,0.1724137931034483,2.1724137931034484,0.401,0.366,0.783,0.5022522522522522,0.5695354377605718,0.5540540540540541,0.4774774774774775,,,,,,,,,https://athletics.westmont.edu/sports/mens-basketball/roster/de-undrae-perteete/9474
Denzel Hines,denzel-hines,Coastal Carolina,coastal-carolina,Sun Belt,D1,UC Riverside,uc-riverside,2025-26,2024-25,D1,sports_reference_source_school_cache,,F,32,21,23.1,739.2,0.5775,7.2,6.2,1.3,0.2,0.1,1.4,0.43,0.244,0.714,0.458,0.5269320843091335,0.23214285714285718,0.5,13.4,0.515,19.5,0.8,0.8,1.5,0.082,-4.3,https://www.sports-reference.com/cbb/schools/coastal-carolina/men/2025.html
Dylan Godfrey,dylan-godfrey,Canisius,canisius,MAAC,D1,UC Riverside,uc-riverside,2025-26,2024-25,D1,sports_reference_source_school_cache,,F,31,23,23.3,722.3000000000001,0.5825,8.6,2.8,0.6,0.5,0.5,1.3,0.424,0.32,0.852,0.511,0.5311264822134387,0.5324675324675324,0.11688311688311688,11.8,0.53,22.2,0.1,0.0,0.1,0.005,-6.8,https://www.sports-reference.com/cbb/schools/canisius/men/2025.html
Jailen Daniel-Dalton,jailen-daniel-dalton2,San Francisco State,san-francisco-state,CCAA,D2,UC Riverside,uc-riverside,2025-26,2023-24,D2,phase1_school_stats,Sr.,W,31,,29.032258064516128,900.0,0.7258064516129032,11.774193548387096,6.645161290322581,1.6129032258064515,0.9354838709677419,0.6129032258064516,2.064516129032258,0.47,0.379,0.713,0.5278745644599303,0.5610550909985244,0.30313588850174217,0.30313588850174217,,,,,,,,,https://sfstategators.com/sports/mens-basketball/stats/2023-24
"Marqui Worthy, Jr.",marqui-worthy,Massachusetts,massachusetts,Atlantic 10,D1,UC Riverside,uc-riverside,2025-26,2024-25,D1,sports_reference_source_school_cache,,G,31,3,18.2,564.1999999999999,0.45499999999999996,5.8,1.5,1.9,0.7,0.2,1.7,0.409,0.143,0.7,0.424,0.46744036105738235,0.2,0.29090909090909095,8.6,0.462,20.6,-0.3,0.6,0.3,0.022,-5.1,https://www.sports-reference.com/cbb/schools/massachusetts/men/2025.html
Osiris Grady,osiris-grady,Utah Valley,utah-valley,WAC,D1,UC Riverside,uc-riverside,2025-26,2024-25,D1,sports_reference_source_school_cache,,F,32,25,18.0,576.0,0.45,5.6,2.7,0.8,0.1,0.4,1.0,0.468,0.31,0.585,0.497,0.5116959064327484,0.18367346938775508,0.2653061224489796,9.7,0.51,18.1,0.3,0.9,1.1,0.078,-4.6,https://www.sports-reference.com/cbb/schools/utah-valley/men/2025.html
Alex Chaikin,alex-chaikin,Lafayette,lafayette,Patriot League,D1,UC San Diego,uc-san-diego,2025-26,2024-25,D1,sports_reference_source_school_cache,,G,32,19,26.5,848.0,0.6625,13.9,2.6,1.1,0.6,0.2,1.3,0.498,0.479,0.84,0.64,0.6837859110586383,0.5909090909090908,0.35227272727272724,19.8,0.675,23.7,2.4,0.9,3.4,0.159,1.3,https://www.sports-reference.com/cbb/schools/lafayette/men/2025.html
Bol Dengdit,bol-dengdit,Portland,portland,West Coast,D1,UC San Diego,uc-san-diego,2025-26,2024-25,D1,sports_reference_source_school_cache,,F,30,24,23.9,717.0,0.5974999999999999,7.4,3.9,1.1,0.3,0.2,1.1,0.491,0.379,0.788,0.569,0.6117724867724867,0.4150943396226416,0.32075471698113206,13.1,0.604,15.6,1.1,0.1,1.2,0.069,-2.2,https://www.sports-reference.com/cbb/schools/portland/men/2025.html
Emanuel Prospere II,emanuel-prospere-ii,Missouri–St. Louis,missouri–st.-louis,GLVC,D2,UC San Diego,uc-san-diego,2025-26,2024-25,D2,phase1_school_stats,Sr.,W,32,,32.34375,1035.0,0.80859375,12.625,5.09375,4.09375,0.84375,0.34375,3.125,0.517,0.395,0.684,0.5472027972027972,0.5863230001161036,0.15034965034965034,0.46503496503496505,,,,,,,,,https://umsltritons.com/sports/mens-basketball/roster/emanuel-prospere-ii/4207
Leo Beath,leo-beath,Lynn,lynn,SSC,D2,UC San Diego,uc-san-diego,2025-26,2024-25,D2,phase1_school_stats,Jr.,F,30,,30.333333333333332,910.0,0.7583333333333333,17.833333333333332,9.566666666666666,3.033333333333333,1.2,0.6,1.8,0.462,0.327,0.727,0.5167410714285714,0.5441858572707299,0.33482142857142855,0.22098214285714285,,,,,,,,,https://lynnfightingknights.com/sports/mens-basketball/stats/2024-25
Tom Beattie,tom-beattie,Hawaii,hawaii,Big West,D1,UC San Diego,uc-san-diego,2025-26,2024-25,D1,sports_reference_source_school_cache,,G,31,24,26.1,809.1,0.6525000000000001,7.4,2.5,1.6,0.5,0.1,1.8,0.443,0.25,0.719,0.477,0.519371139809096,0.27419354838709675,0.33870967741935487,8.2,0.515,18.1,0.1,0.8,0.8,0.042,-3.7,https://www.sports-reference.com/cbb/schools/hawaii/men/2025.html
Tyson Dunn,tyson-dunn,Buffalo,buffalo,MAC,D1,UC San Diego,uc-san-diego,2025-26,2024-25,D1,sports_reference_source_school_cache,,G,31,31,29.2,905.1999999999999,0.73,12.4,3.8,5.3,1.5,0.3,3.9,0.436,0.325,0.725,0.509,0.5297334244702666,0.45454545454545453,0.14545454545454548,14.0,0.526,26.1,0.0,0.9,0.9,0.038,-4.5,https://www.sports-reference.com/cbb/schools/buffalo/men/2025.html
Aidan Mahaney,aidan-mahaney,Connecticut,connecticut,Big East,D1,UC Santa Barbara,uc-santa-barbara,2025-26,2024-25,D1,sports_reference_source_school_cache,,G,34,5,12.4,421.6,0.31,4.5,0.8,1.3,0.2,0.0,0.6,0.377,0.359,0.758,0.46,0.4955947136563877,0.4634146341463415,0.24390243902439027,10.2,0.495,21.8,0.6,0.3,0.9,0.087,-1.6,https://www.sports-reference.com/cbb/schools/connecticut/men/2025.html
Marvin McGhee IV,marvin-mcghee-iv,Cal State Bakersfield,cal-state-bakersfield,Big West,D1,UC Santa Barbara,uc-santa-barbara,2025-26,2024-25,D1,sports_reference_source_school_cache,,G,33,27,29.8,983.4,0.745,10.0,3.7,1.0,0.5,0.0,1.2,0.365,0.322,0.868,0.478,0.5152514427040396,0.7,0.17777777777777778,10.4,0.512,18.1,1.2,0.6,1.9,0.076,-3.9,https://www.sports-reference.com/cbb/schools/cal-state-bakersfield/men/2025.html
Miro Little,miro-little,Utah,utah,Big XII,D1,UC Santa Barbara,uc-santa-barbara,2025-26,2024-25,D1,sports_reference_source_school_cache,,G,33,12,17.7,584.1,0.4425,5.3,3.2,2.9,0.9,0.2,1.5,0.337,0.31,0.755,0.416,0.46819787985865724,0.5,0.3,12.7,0.462,19.8,0.3,0.9,1.3,0.089,2.8,https://www.sports-reference.com/cbb/schools/utah/men/2025.html
Bryce Cofield,bryce-cofield,Cal State Fullerton,cal-state-fullerton,Big West,D1,Cal State Bakersfield,cal-state-bakersfield,2026-27,2025-26,D1,sports_reference_source_school_cache,,G,34,22,21.3,724.2,0.5325,10.1,4.8,2.4,0.7,0.5,2.2,0.462,0.158,0.595,0.474,0.516359918200409,0.14102564102564105,0.576923076923077,14.5,0.506,26.7,0.2,1.0,1.2,0.066,-3.2,https://www.sports-reference.com/cbb/schools/cal-state-fullerton/men/2026.html
Cameron Barnes,cameron-barnes,Illinois State,illinois-state,Missouri Valley,D1,Cal State Bakersfield,cal-state-bakersfield,2026-27,2025-26,D1,sports_reference_source_school_cache,,F,13,0,6.8,88.39999999999999,0.16999999999999998,1.3,1.8,0.5,0.1,0.4,0.5,0.667,0.5,0.0,0.708,0.7222222222222222,0.22222222222222224,0.0,13.6,0.708,11.2,0.1,0.2,0.3,0.116,-3.7,https://www.sports-reference.com/cbb/schools/illinois-state/men/2026.html
Chudi Dioramma,chudi-dioramma,Arkansas State,arkansas-state,Sun Belt,D1,Cal State Bakersfield,cal-state-bakersfield,2026-27,2025-26,D1,sports_reference_source_school_cache,,F,25,8,15.4,385.0,0.385,5.1,4.1,0.7,0.2,0.4,0.7,0.505,0.0,0.66,0.505,0.556768558951965,0.0,0.5405405405405405,14.1,0.544,16.1,0.6,0.5,1.1,0.118,-2.7,https://www.sports-reference.com/cbb/schools/arkansas-state/men/2026.html
E.J. Bryson,ej-bryson,Azusa Pacific,azusa-pacific,PacWest,D2,Cal State Bakersfield,cal-state-bakersfield,2026-27,2025-26,D2,phase1_school_stats,,,26,,29.46153846153846,766.0,0.7365384615384615,9.807692307692308,2.730769230769231,2.8461538461538463,1.3461538461538463,0.19230769230769232,2.3076923076923075,0.352,0.187,0.758,0.3813559322033898,0.4560738303047646,0.3177966101694915,0.4194915254237288,,,,,,,,,https://athletics.apu.edu/sports/mens-basketball/stats/2025-26
"Kjay Bradley, Jr.",kevin-bradley-jr,San Diego,san-diego,West Coast,D1,Cal State Bakersfield,cal-state-bakersfield,2026-27,2024-25,D1,sports_reference_source_school_cache,,G,20,10,27.7,554.0,0.6925,14.5,2.7,3.5,1.7,0.2,3.4,0.442,0.297,0.694,0.496,0.522937103289094,0.368,0.248,15.5,0.521,29.9,0.1,0.4,0.6,0.041,0.9,https://www.sports-reference.com/cbb/schools/san-diego/men/2025.html
Sean Pouedet,sean-pouedet,Dayton,dayton,Atlantic 10,D1,Cal State Bakersfield,cal-state-bakersfield,2026-27,2025-26,D1,sports_reference_source_school_cache,,G,14,0,5.3,74.2,0.1325,0.6,0.2,0.4,0.1,0.0,0.4,0.333,0.25,1.0,0.389,0.4658385093167702,0.5,0.16666666666666669,0.4,0.452,11.3,-0.1,0.1,0.0,-0.011,-7.3,https://www.sports-reference.com/cbb/schools/dayton/men/2026.html
Malcolm Bell,malcolm-bell,Cal Poly Pomona,cal-poly-pomona,CCAA,D2,Cal State Fullerton,cal-state-fullerton,2026-27,2025-26,D2,phase1_school_stats,,,29,,33.03448275862069,958.0,0.8258620689655173,17.310344827586206,2.310344827586207,2.1724137931034484,1.0,0.06896551724137931,1.5517241379310345,0.398,0.366,0.88,0.49,0.5516483516483517,0.505,0.3125,,,,,,,,,https://broncoathletics.com/sports/mens-basketball/stats/2025-26
Matthew Willenborg,matthew-willenborg,Central Oklahoma,central-oklahoma,MIAA,D2,Cal State Fullerton,cal-state-fullerton,2026-27,2025-26,D2,phase1_school_stats,,,33,,33.484848484848484,1105.0,0.8371212121212122,20.393939393939394,9.242424242424242,1.2121212121212122,1.393939393939394,3.0,1.5454545454545454,0.485,0.344,0.804,0.5405940594059406,0.5857063287614008,0.3227722772277228,0.31287128712871287,,,,,,,,,https://bronchosports.com/sports/mens-basketball/stats/2025-26
Tiernan Stynes,tiernan-stynes,Quincy,quincy,GLVC,D2,Cal State Fullerton,cal-state-fullerton,2026-27,2025-26,D2,phase1_school_stats,,,28,,32.857142857142854,920.0,0.8214285714285714,15.357142857142858,5.785714285714286,2.4285714285714284,1.0,0.14285714285714285,2.0357142857142856,0.492,0.373,0.8,0.5799373040752351,0.6107954545454546,0.4702194357366771,0.23510971786833856,,,,,,,,,https://quhawks.com/sports/mens-basketball/stats/2025-26
B.J. Omot,bj-omot,California,california,ACC,D1,Cal State Northridge,cal-state-northridge,2026-27,2024-25,D1,sports_reference_source_school_cache,,F,4,2,26.5,106.0,0.6625,10.8,3.0,0.0,1.0,0.3,1.8,0.444,0.353,0.625,0.528,0.5465587044534412,0.47777777777777775,0.2222222222222222,12.1,0.54,21.8,0.1,0.1,0.1,0.05,0.4,https://www.sports-reference.com/cbb/schools/california/men/2025.html
Brooklyn Hicks,brooklyn-hicks,Montana,montana,Big Sky,D1,Cal State Northridge,cal-state-northridge,2026-27,2025-26,D1,sports_reference_source_school_cache,,G,34,7,22.1,751.4000000000001,0.5525,9.0,3.8,0.9,0.9,0.1,1.0,0.466,0.368,0.7,0.557,0.5850234009360374,0.49275362318840576,0.2608695652173913,14.8,0.577,20.5,0.9,1.2,2.1,0.112,-0.1,https://www.sports-reference.com/cbb/schools/montana/men/2026.html
Caleb Smith,caleb-smith,Rider,rider,MAAC,D1,Cal State Northridge,cal-state-northridge,2026-27,2025-26,D1,sports_reference_source_school_cache,,G,29,25,29.7,861.3,0.7424999999999999,7.2,7.1,1.4,1.1,0.2,1.1,0.392,0.231,0.66,0.409,0.48102618920363444,0.15254237288135591,0.6101694915254237,13.2,0.473,15.0,0.6,0.7,1.3,0.059,-5.0,https://www.sports-reference.com/cbb/schools/rider/men/2026.html
Jael Martin,jael-martin,Loyola Marymount,loyola-marymount,West Coast,D1,Cal State Northridge,cal-state-northridge,2026-27,2025-26,D1,sports_reference_source_school_cache,,F,17,1,7.6,129.2,0.19,1.9,1.4,0.2,0.1,0.2,0.1,0.591,0.2,0.625,0.614,0.625,0.23076923076923075,0.3846153846153846,12.3,0.62,11.0,0.2,0.2,0.4,0.12,-1.0,https://www.sports-reference.com/cbb/schools/loyola-marymount/men/2026.html
Kéziah Ekissi,kziah-ekissi,Oregon State,oregon-state,West Coast,D1,Cal State Northridge,cal-state-northridge,2026-27,2025-26,D1,sports_reference_source_school_cache,,G,27,1,17.3,467.1,0.4325,4.7,1.7,1.8,0.6,0.0,1.1,0.354,0.34,0.646,0.425,0.4707532051282051,0.4047619047619047,0.42857142857142855,8.8,0.468,18.9,0.0,0.3,0.4,0.033,-2.5,https://www.sports-reference.com/cbb/schools/oregon-state/men/2026.html
Mikah Ballew,mikah-ballew,Portland,portland,West Coast,D1,Cal State Northridge,cal-state-northridge,2026-27,2025-26,D1,sports_reference_source_school_cache,,G,31,15,23.6,731.6,0.5900000000000001,8.7,1.9,0.9,0.6,0.1,1.3,0.347,0.336,0.813,0.458,0.5151586925627665,0.6575342465753424,0.35616438356164387,8.9,0.515,20.6,0.3,0.4,0.7,0.04,-3.8,https://www.sports-reference.com/cbb/schools/portland/men/2026.html
Bol Dengdit,bol-dengdit,UC San Diego,uc-san-diego,Big West,D1,Hawaii,hawaii,2026-27,2025-26,D1,sports_reference_source_school_cache,,F,34,34,23.4,795.5999999999999,0.585,10.7,5.2,1.7,0.5,0.5,1.8,0.482,0.294,0.643,0.527,0.5542892664732698,0.30487804878048785,0.4024390243902439,17.6,0.551,24.8,1.1,1.4,2.5,0.125,1.1,https://www.sports-reference.com/cbb/schools/california-san-diego/men/2026.html
Chance Trujillo,chance-trujillo,Utah Tech,utah-tech,WAC,D1,Hawaii,hawaii,2026-27,2025-26,D1,sports_reference_source_school_cache,,G,33,23,33.0,1089.0,0.825,12.3,3.4,2.7,0.9,0.3,1.5,0.414,0.353,0.813,0.526,0.5665070007369196,0.6428571428571428,0.24489795918367344,13.7,0.561,19.4,1.8,1.2,3.0,0.11,-1.1,https://www.sports-reference.com/cbb/schools/dixie-state/men/2026.html
Houran Dan,houran-dan,Seattle,seattle,West Coast,D1,Hawaii,hawaii,2026-27,2025-26,D1,sports_reference_source_school_cache,,C,35,10,15.0,525.0,0.375,5.7,2.5,0.3,0.3,0.4,1.0,0.588,0.0,0.645,0.588,0.6074168797953964,0.0,0.46153846153846156,14.1,0.604,19.6,0.6,1.0,1.6,0.122,-1.8,https://www.sports-reference.com/cbb/schools/seattle/men/2026.html
Jaden Matingou,jaden-matingou,Point Loma Nazarene,point-loma-nazarene,PacWest,D2,Hawaii,hawaii,2026-27,2025-26,D2,phase1_school_stats,,,32,,28.5,912.0,0.7125,11.875,4.0625,4.3125,1.03125,0.09375,2.875,0.492,0.364,0.752,0.556910569105691,0.6168030125957668,0.35772357723577236,0.573170731707317,,,,,,,,,https://plnusealions.com/sports/mens-basketball/stats/2025-26
Kellen Hampton,kellen-hampton,Pacific,pacific,West Coast,D1,Hawaii,hawaii,2026-27,2025-26,D1,sports_reference_source_school_cache,,F,1,0,1.0,1.0,0.025,0.0,0.0,0.0,0.0,0.0,0.0,0.0,0.0,0.0,0.0,0,0,0,-16.7,0.0,0.0,0.0,0.0,0.0,0.046,0.0,https://www.sports-reference.com/cbb/schools/pacific/men/2026.html
Manie Joses,mansie-joses,Davidson,davidson,Atlantic 10,D1,Hawaii,hawaii,2026-27,2025-26,D1,sports_reference_source_school_cache,,F,31,6,9.4,291.40000000000003,0.23500000000000001,1.8,2.2,0.5,0.5,0.5,0.2,0.535,0.238,0.75,0.593,0.587467362924282,0.5,0.2142857142857143,17.9,0.609,9.8,0.5,0.7,1.2,0.167,3.3,https://www.sports-reference.com/cbb/schools/davidson/men/2026.html
"Marcus Adams, Jr.",marcus-adams-jr,Arizona State,arizona-state,Big XII,D1,Hawaii,hawaii,2026-27,2025-26,D1,sports_reference_source_school_cache,,F,14,0,11.7,163.79999999999998,0.2925,3.6,2.4,0.2,0.2,0.3,0.5,0.341,0.296,0.7,0.439,0.5119453924914675,0.6551724137931034,0.48275862068965514,9.5,0.495,17.4,0.1,0.2,0.2,0.055,-0.8,https://www.sports-reference.com/cbb/schools/arizona-state/men/2026.html
Zack Davidson,zack-davidson,Northern Arizona,northern-arizona,Big Sky,D1,Hawaii,hawaii,2026-27,2025-26,D1,sports_reference_source_school_cache,,F,14,13,23.6,330.40000000000003,0.5900000000000001,14.0,4.8,0.8,0.6,0.0,1.9,0.617,0.25,0.463,0.62,0.6028246641405443,0.031578947368421054,0.5052631578947369,21.7,0.595,31.0,0.5,0.2,0.7,0.085,-1.4,https://www.sports-reference.com/cbb/schools/northern-arizona/men/2026.html
Brett Wright,brett-wright,Trevecca Nazarene,trevecca-nazarene,GSC,D2,Long Beach State,long-beach-state,2026-27,2025-26,D2,phase1_school_stats,,,28,,22.142857142857142,620.0,0.5535714285714286,12.321428571428571,2.357142857142857,0.21428571428571427,0.25,0.2857142857142857,0.8214285714285714,0.47,0.475,0.83,0.6543478260869565,0.6809568924680246,0.7782608695652173,0.23043478260869565,,,,,,,,,https://tnutrojans.com/sports/mens-basketball/stats/2025-26
Colin Ruffin,colin-ruffin,Missouri Southern,missouri-southern,MIAA,D2,Long Beach State,long-beach-state,2026-27,2025-26,D2,phase1_school_stats,,,28,,27.321428571428573,765.0,0.6830357142857143,11.428571428571429,5.142857142857143,2.8214285714285716,1.75,0.10714285714285714,1.3928571428571428,0.476,0.325,0.721,0.5303030303030303,0.5781182251770487,0.3333333333333333,0.45021645021645024,,,,,,,,,https://mssulions.com/sports/mens-basketball/stats/2025-26
Grgur Brčić,grgur-bri,Bucknell,bucknell,Patriot League,D1,Long Beach State,long-beach-state,2026-27,2025-26,D1,sports_reference_source_school_cache,,F,18,8,16.9,304.2,0.4225,4.3,4.8,0.4,0.3,0.5,0.7,0.569,0.0,0.462,0.569,0.5634171907756813,0.0,0.43749999999999994,14.2,0.554,14.4,0.3,0.3,0.6,0.08,-4.3,https://www.sports-reference.com/cbb/schools/bucknell/men/2026.html
Jack Payne,jack-payne,Idaho,idaho,Big Sky,D1,Long Beach State,long-beach-state,2026-27,2025-26,D1,sports_reference_source_school_cache,,G,34,22,21.4,727.5999999999999,0.5349999999999999,6.6,4.1,1.3,0.6,0.3,0.9,0.381,0.316,0.824,0.488,0.5205047318611986,0.6779661016949152,0.1694915254237288,12.5,0.516,17.3,0.7,1.1,1.9,0.104,0.3,https://www.sports-reference.com/cbb/schools/idaho/men/2026.html
Jaden Tengan,jaden-tengan,Cal State Monterey Bay,cal-state-monterey-bay,CCAA,D2,Long Beach State,long-beach-state,2026-27,2025-26,D2,phase1_school_stats,,,29,,31.448275862068964,912.0,0.7862068965517242,14.724137931034482,6.827586206896552,1.7586206896551724,1.896551724137931,0.3103448275862069,2.6551724137931036,0.51,0.358,0.685,0.559931506849315,0.5993150684931506,0.2773972602739726,0.5,,,,,,,,,https://otterathletics.com/sports/mens-basketball/stats/2025-26
Kaleb Smith,kaleb-smith,GCU,gcu,Mountain West,D1,Long Beach State,long-beach-state,2026-27,2025-26,D1,sports_reference_cache,JR,F,22,0,8.0,176.0,0.2,1.4,1.2,0.3,0.1,0.0,0.4,0.184,0.105,0.778,0.211,0.341130604288499,0.5294117647058824,0.4705882352941177,1.8,0.322,15.7,-0.2,0.3,0.0,0.01,-7.4,https://www.sports-reference.com/cbb/players/kaleb-smith-1.html
Noah Amenhauser,noah-amenhauser,Oregon State,oregon-state,West Coast,D1,Long Beach State,long-beach-state,2026-27,2025-26,D1,sports_reference_source_school_cache,,C,29,8,12.2,353.79999999999995,0.305,5.1,2.2,0.4,0.0,0.5,0.8,0.577,0.0,0.7,0.577,0.6299407114624506,0.0,0.5151515151515151,16.4,0.609,21.8,0.6,0.3,0.8,0.094,-0.7,https://www.sports-reference.com/cbb/schools/oregon-state/men/2026.html
Yohann Sissoko,yohann-sissoko,Florida Atlantic,florida-atlantic,American,D1,Long Beach State,long-beach-state,2026-27,2025-26,D1,sports_reference_source_school_cache,,G,27,0,11.3,305.1,0.28250000000000003,3.3,1.7,1.1,0.2,0.1,0.9,0.406,0.429,0.757,0.477,0.5470822281167108,0.33333333333333337,0.5833333333333334,11.0,0.546,17.0,0.2,0.4,0.6,0.079,-2.5,https://www.sports-reference.com/cbb/schools/florida-atlantic/men/2026.html
Clarence Massamba,clarence-massamba,Tennessee,tennessee,SEC,D1,UC Davis,uc-davis,2026-27,2025-26,D1,sports_reference_source_school_cache,,G,12,0,3.5,42.0,0.0875,0.3,0.3,0.3,0.1,0.0,0.2,0.143,0.143,0.5,0.214,0.2180232558139535,1.0,0.33333333333333337,-0.4,0.252,11.4,0.0,0.0,0.0,0.007,-7.4,https://www.sports-reference.com/cbb/schools/tennessee/men/2026.html
Veniamin Abosi,veniamin-abosi,San Francisco,san-francisco,West Coast,D1,UC Davis,uc-davis,2026-27,2025-26,D1,sports_reference_source_school_cache,,F,24,1,17.6,422.40000000000003,0.44000000000000006,5.0,4.1,1.2,0.5,0.4,1.3,0.409,0.404,0.683,0.528,0.5620503597122302,0.5945945945945946,0.45945945945945943,12.0,0.563,16.8,0.3,0.6,0.9,0.087,0.6,https://www.sports-reference.com/cbb/schools/san-francisco/men/2026.html
Nils Cooper,nils-cooper,UC Davis,uc-davis,Big West,D1,UC Irvine,uc-irvine,2026-27,2025-26,D1,sports_reference_source_school_cache,,G,27,23,24.8,669.6,0.62,12.3,4.6,1.9,1.5,0.4,1.6,0.549,0.238,0.737,0.572,0.6189613526570049,0.2,0.55,21.3,0.614,23.1,1.6,1.3,2.9,0.172,2.7,https://www.sports-reference.com/cbb/schools/california-davis/men/2026.html
Olivier Rioux,olivier-rioux,Florida,florida,SEC,D1,UC Irvine,uc-irvine,2026-27,2025-26,D1,sports_reference_source_school_cache,,C,11,0,1.5,16.5,0.0375,0.6,0.5,0.1,0.0,0.0,0.1,0.5,0.0,0.5,0.5,0.5102040816326531,0.0,0.4,17.7,0.504,22.7,0.0,0.0,0.1,0.15,-1.7,https://www.sports-reference.com/cbb/schools/florida/men/2026.html
Abraham Oyeadier,abraham-oyeadier,West Virginia,west-virginia,Big XII,D1,UC Riverside,uc-riverside,2026-27,2025-26,D1,sports_reference_source_school_cache,,C,1,0,2.0,2.0,0.05,0.0,2.0,0.0,0.0,0.0,0.0,0.0,0.0,0.0,0.0,0.0,0,0,-5.3,0.0,25.5,0.0,0.0,0.0,-0.223,-14.7,https://www.sports-reference.com/cbb/schools/west-virginia/men/2026.html
Aidan Rice,aidan-rice,Western Washington,western-washington,GNAC,D2,UC Riverside,uc-riverside,2026-27,2025-26,D2,phase1_school_stats,,,29,,34.172413793103445,991.0,0.8543103448275862,18.24137931034483,3.1379310344827585,4.0,1.103448275862069,0.2413793103448276,3.0,0.468,0.369,0.846,0.5601604278074866,0.613404452690167,0.5,0.34759358288770054,,,,,,,,,https://wwuvikings.com/sports/mens-basketball/stats/2025-26
Dallas Washington,dallas-washington,Long Beach State,long-beach-state,Big West,D1,UC Riverside,uc-riverside,2026-27,2025-26,D1,sports_reference_source_school_cache,,F,23,1,11.0,253.0,0.275,2.8,1.5,0.5,0.3,0.1,0.7,0.324,0.182,0.444,0.366,0.3858875413450937,0.4516129032258064,0.3870967741935484,3.8,0.382,19.7,-0.3,0.2,-0.1,-0.013,-9.1,https://www.sports-reference.com/cbb/schools/long-beach-state/men/2026.html
Devon Malcolm,devon-malcolm,California Baptist,california-baptist,WAC,D1,UC Riverside,uc-riverside,2026-27,2025-26,D1,sports_reference_source_school_cache,,G,33,15,13.7,452.09999999999997,0.34249999999999997,5.8,3.4,0.5,1.1,0.3,0.9,0.447,0.303,0.618,0.48,0.5261248185776487,0.2222222222222222,0.5111111111111111,20.0,0.513,23.7,0.6,1.3,1.9,0.167,5.2,https://www.sports-reference.com/cbb/schools/california-baptist/men/2026.html
Easton Reagan,easton-reagan,Northwest Nazarene,northwest-nazarene,GNAC,D2,UC Riverside,uc-riverside,2026-27,2025-26,D2,phase1_school_stats,,,29,,34.41379310344828,998.0,0.8603448275862069,19.551724137931036,5.517241379310345,1.6206896551724137,1.1724137931034482,0.20689655172413793,1.793103448275862,0.525,0.372,0.737,0.5891959798994975,0.621002365723298,0.3442211055276382,0.3341708542713568,,,,,,,,,https://nnusports.com/sports/mens-basketball/stats/2025-26
"James Evans, Jr.",james-evans,Cal State Northridge,cal-state-northridge,Big West,D1,UC Riverside,uc-riverside,2026-27,2025-26,D1,sports_reference_source_school_cache,,G,34,10,15.2,516.8,0.38,6.0,1.9,1.2,0.6,0.2,0.8,0.371,0.33,0.588,0.446,0.4716981132075471,0.45614035087719296,0.2631578947368421,11.0,0.465,21.3,0.2,0.7,0.9,0.07,-1.8,https://www.sports-reference.com/cbb/schools/cal-state-northridge/men/2026.html
Tony Duckett,tony-duckett,Saint Mary's,saint-marys,West Coast,D1,UC Riverside,uc-riverside,2026-27,2025-26,D1,sports_reference_source_school_cache,,G,22,0,6.7,147.4,0.1675,3.1,0.5,0.4,0.3,0.3,0.4,0.412,0.308,0.92,0.451,0.5567528735632185,0.2608695652173913,0.47826086956521746,16.1,0.549,24.7,0.3,0.3,0.6,0.172,2.6,https://www.sports-reference.com/cbb/schools/saint-marys-ca/men/2026.html
Tyus Parrish-Tillman,tyus-parrish-tillman,Biola,biola,PacWest,D2,UC Riverside,uc-riverside,2026-27,2025-26,D2,phase1_school_stats,,,28,,32.785714285714285,918.0,0.8196428571428571,15.857142857142858,8.357142857142858,2.4642857142857144,0.6785714285714286,2.25,1.8571428571428572,0.447,0.34,0.681,0.5,0.5485273769519667,0.30930930930930933,0.4894894894894895,,,,,,,,,https://athletics.biola.edu/sports/mens-basketball/stats/2025-26
Kayde Dotson,kayde-dotson,Loyola Chicago,loyola-chicago,Atlantic 10,D1,UC San Diego,uc-san-diego,2026-27,2025-26,D1,sports_reference_source_school_cache,,G,28,21,26.7,747.6,0.6675,10.5,2.8,2.0,0.5,0.0,1.6,0.397,0.38,0.77,0.53,0.5604184457728437,0.6904761904761905,0.2619047619047619,12.2,0.561,21.6,0.9,0.2,1.1,0.059,-1.1,https://www.sports-reference.com/cbb/schools/loyola-il/men/2026.html
Olavi Suutela,olavi-suutela,Oregon State,oregon-state,West Coast,D1,UC San Diego,uc-san-diego,2026-27,2025-26,D1,sports_reference_source_school_cache,,F,33,18,17.5,577.5,0.4375,5.5,2.7,0.8,0.4,0.1,1.0,0.578,0.367,0.655,0.625,0.6473634651600753,0.2571428571428572,0.4857142857142857,12.5,0.637,16.2,0.8,0.4,1.2,0.086,-1.4,https://www.sports-reference.com/cbb/schools/oregon-state/men/2026.html
Rahmir Barno,rahmir-barno,Florida Gulf Coast,florida-gulf-coast,ASUN,D1,UC San Diego,uc-san-diego,2026-27,2025-26,D1,sports_reference_source_school_cache,,G,34,34,31.6,1074.4,0.79,11.7,2.8,5.0,1.4,0.1,2.0,0.454,0.31,0.653,0.482,0.523068669527897,0.17708333333333334,0.375,15.0,0.513,20.9,1.4,1.0,2.4,0.091,-2.8,https://www.sports-reference.com/cbb/schools/florida-gulf-coast/men/2026.html
Antonio Chol,antonio-chol,New Mexico,new-mexico,Mountain West,D1,UC Santa Barbara,uc-santa-barbara,2026-27,2025-26,D1,sports_reference_source_school_cache,,F,37,32,24.2,895.4,0.605,7.7,2.9,0.8,0.3,0.6,0.7,0.387,0.323,0.6,0.5,0.5097987288135593,0.6944444444444444,0.11111111111111112,9.9,0.507,16.7,0.7,1.3,2.0,0.089,1.4,https://www.sports-reference.com/cbb/schools/new-mexico/men/2026.html
"Declan Duru, Jr.",declan-duru,Texas,texas,SEC,D1,UC Santa Barbara,uc-santa-barbara,2026-27,2025-26,D1,sports_reference_source_school_cache,,F,12,0,7.0,84.0,0.175,1.3,1.2,0.0,0.4,0.1,0.3,0.5,0.0,0.25,0.5,0.48798798798798804,0.33333333333333337,0.25,8.2,0.472,11.8,0.0,0.1,0.1,0.039,-0.7,https://www.sports-reference.com/cbb/schools/texas/men/2026.html
Eric Dibami,eric-dibami,Florida International,florida-international,C-USA,D1,UC Santa Barbara,uc-santa-barbara,2026-27,2025-26,D1,sports_reference_source_school_cache,,F,30,30,28.9,867.0,0.7224999999999999,9.3,7.4,1.4,1.4,1.4,1.6,0.527,0.0,0.521,0.527,0.5396935933147633,0.0,0.5652173913043478,16.8,0.531,16.7,1.0,1.5,2.5,0.118,0.6,https://www.sports-reference.com/cbb/schools/florida-international/men/2026.html
R.J. Smith,rj-smith2,DePaul,depaul,Big East,D1,UC Santa Barbara,uc-santa-barbara,2026-27,2025-26,D1,sports_reference_source_school_cache,,G,32,23,27.6,883.2,0.6900000000000001,6.6,2.4,2.4,0.6,0.3,1.1,0.366,0.308,0.75,0.461,0.4913639070875521,0.6229508196721312,0.22950819672131148,8.9,0.493,14.4,0.5,1.1,1.6,0.074,1.2,https://www.sports-reference.com/cbb/schools/depaul/men/2026.html
Viljami Vartiainen,viljami-vartiainen,Weber State,weber-state,Big Sky,D1,UC Santa Barbara,uc-santa-barbara,2026-27,2025-26,D1,sports_reference_source_school_cache,,F,26,23,30.0,780.0,0.75,12.8,3.2,1.0,0.8,0.1,0.7,0.463,0.422,0.784,0.618,0.6326611308817716,0.7263157894736842,0.14736842105263157,15.6,0.632,17.5,1.9,0.8,2.7,0.138,2.1,https://www.sports-reference.com/cbb/schools/weber-state/men/2026.html
Lathaniel Bastian,lathaniel-bastian,Angelo State,angelo-state,LSC,D2,Cal State Fullerton,cal-state-fullerton,2022-23,2021-22,D2,phase1_school_stats,Fr.,G,30,,21.666666666666668,650.0,0.5416666666666667,11.4,8.233333333333333,0.4,0.9333333333333333,1.4333333333333333,1.8333333333333333,0.61,0.0,0.609,0.6097560975609756,0.629973474801061,0.01951219512195122,0.7365853658536585,,,,,,,,,https://angelosports.com/sports/mens-basketball/roster/lathaniel-bastian/7071
Sydney Shipp,sydney-shipp,Occidental,occidental,SCIAC,D2,Cal State Fullerton,cal-state-fullerton,2023-24,2022-23,D2,phase1_school_stats,Sr.,G,25,,33.84,846.0,0.8460000000000001,13.28,4.16,4.28,1.88,0.56,3.0,0.433,0.315,0.62,0.47929936305732485,0.49404761904761907,0.2929936305732484,0.1592356687898089,,,,,,,,,https://oxyathletics.com/sports/mens-basketball/roster/sydney-shipp/7664
Chris Mitchell,chris-mitchell,Cal State San Bernardino,cal-state-san-bernardino,CCAA,D2,UC Santa Barbara,uc-santa-barbara,2024-25,2023-24,D2,phase1_school_stats,Jr.,G,35,,31.3,1095.5,0.7825,16.3,7.3,1.8,0.7,0.3,3.1,0.491,0.437,0.76,0.0,0.0,0.0,0.0,,,,,,,,,https://csusbathletics.com/sports/mens-basketball/roster/chris-mitchell/4103
