target_conference,player_name,player_key,source_school,source_conference,source_level,destination_school,first_target_season,source_season,position,height,weight,source_games,source_mpg,source_minutes_share,source_ppg,source_rpg,source_apg,source_spg,source_bpg,source_topg,source_fg_pct,source_fg3_pct,source_ft_pct,source_efg_pct,source_pts_per_40,source_reb_per_40,source_ast_per_40,source_stl_per_40,source_blk_per_40,source_tov_per_40,target_games,target_games_started,target_mpg,target_minutes,target_minutes_share,target_ppg,target_rpg,target_apg,target_spg,target_bpg,target_topg,target_ts_pct,target_per,target_usg_pct,target_ws,target_ws_per_40,target_bpm,source_url,outcome_url
WCC,Jaxson Robinson,jaxson robinson,Arkansas,SEC,D1,BYU,2022-23,2021-22,G,6-7,193,16,10.2,0.255,3.4,1.3,0.4,0.1,0.3,0.4,0.38,0.326,1.0,0.52,13.333333333333334,5.098039215686275,1.5686274509803924,0.3921568627450981,1.1764705882352942,1.5686274509803924,33,30,28.1,927.3000000000001,0.7025,8.5,2.9,1.8,0.8,0.5,1.5,0.508860153256705,10.6,17.0,2.0,0.086,2.2,https://www.sports-reference.com/cbb/players/jaxson-robinson-1.html,https://www.sports-reference.com/cbb/players/jaxson-robinson-1.html
WCC,Noah Waterman,noah waterman,Detroit Mercy,Horizon,D1,BYU,2022-23,2021-22,F,6-11,210,21,25.3,0.6325000000000001,8.0,4.0,0.5,0.8,0.7,0.9,0.429,0.375,0.75,0.564,12.648221343873518,6.324110671936759,0.7905138339920948,1.2648221343873518,1.1067193675889329,1.4229249011857708,33,14,17.0,561.0,0.425,4.6,2.8,0.8,0.5,0.4,1.1,0.4807692307692307,8.3,17.0,0.9,0.067,-1.0,https://www.sports-reference.com/cbb/players/noah-waterman-1.html,https://www.sports-reference.com/cbb/players/noah-waterman-1.html
WCC,Rudi Williams,rudi williams,Coastal Carolina,Sun Belt,D1,BYU,2022-23,2021-22,G,6-3,182,33,30.2,0.755,14.7,4.2,3.2,1.5,0.1,2.2,0.509,0.447,0.735,0.582,19.47019867549669,5.562913907284768,4.23841059602649,1.9867549668874174,0.13245033112582782,2.913907284768212,34,13,23.5,799.0,0.5875,12.8,2.7,2.8,0.8,0.2,2.2,0.5923731951129212,20.3,27.5,3.3,0.164,5.2,https://www.sports-reference.com/cbb/players/rudi-williams-1.html,https://www.sports-reference.com/cbb/players/rudi-williams-1.html
WCC,Efton Reid,efton reid,Louisiana State,SEC,D1,Gonzaga,2022-23,2021-22,C,6-11,238,34,19.6,0.49000000000000005,6.3,4.3,0.5,0.5,0.8,1.4,0.519,0.25,0.483,0.532,12.857142857142856,8.775510204081632,1.0204081632653061,1.0204081632653061,1.6326530612244896,2.8571428571428568,25,0,4.6,114.99999999999999,0.11499999999999999,2.1,1.0,0.1,0.1,0.1,0.6,0.6104651162790699,14.0,24.0,0.3,0.088,-7.3,https://www.sports-reference.com/cbb/players/efton-reid-1.html,https://www.sports-reference.com/cbb/players/efton-reid-1.html
WCC,Malachi Smith,malachi smith,Chattanooga,Southern,D1,Gonzaga,2022-23,2021-22,G,6-4,205,35,35.4,0.885,19.9,6.7,3.0,1.7,0.1,2.3,0.493,0.407,0.827,0.552,22.48587570621469,7.570621468926554,3.3898305084745766,1.92090395480226,0.11299435028248588,2.598870056497175,37,1,20.8,769.6,0.52,8.7,3.6,1.4,0.9,0.0,0.8,0.6618989653073645,21.0,17.4,3.5,0.184,8.2,https://www.sports-reference.com/cbb/players/malachi-smith-1.html,https://www.sports-reference.com/cbb/players/malachi-smith-1.html
WCC,Ryan Nembhard,ryan nembhard,Creighton,Big East,D1,Gonzaga,2023-24,2022-23,G,6-0,167,37,34.0,0.85,12.1,4.0,4.8,0.7,0.1,2.1,0.432,0.356,0.871,0.503,14.235294117647058,4.705882352941177,5.647058823529412,0.8235294117647058,0.11764705882352941,2.4705882352941178,35,35,35.8,1253.0,0.8949999999999999,12.6,4.0,6.9,1.2,0.0,2.3,0.530481643651061,16.6,19.8,4.6,0.148,4.4,https://www.sports-reference.com/cbb/players/ryan-nembhard-1.html,https://www.sports-reference.com/cbb/players/ryan-nembhard-1.html
WCC,Emmanuel Innocenti,emmanuel innocenti,Tarleton State,WAC,D1,Gonzaga,2024-25,2023-24,F,6-5,198,35,31.7,0.7925,6.6,6.4,2.9,1.7,0.2,1.7,0.406,0.308,0.8,0.465,8.32807570977918,8.07570977917981,3.6593059936908516,2.145110410094637,0.25236593059936907,2.145110410094637,31,3,12.1,375.09999999999997,0.3025,1.7,1.9,1.0,0.6,0.2,0.2,0.43724279835390945,9.3,8.7,1.1,0.116,5.4,https://www.sports-reference.com/cbb/players/emmanuel-innocenti-1.html,https://www.sports-reference.com/cbb/players/emmanuel-innocenti-1.html
WCC,Khalif Battle,khalif battle,Arkansas,SEC,D1,Gonzaga,2024-25,2023-24,G,6-5,175,32,24.8,0.62,14.8,3.3,1.3,0.8,0.3,1.5,0.406,0.353,0.873,0.488,23.870967741935484,5.32258064516129,2.096774193548387,1.2903225806451613,0.48387096774193544,2.4193548387096775,35,31,26.8,938.0,0.67,13.6,3.7,1.5,1.1,0.1,1.5,0.6086645184389545,18.0,23.5,4.1,0.174,6.3,https://www.sports-reference.com/cbb/players/khalif-battle-1.html,https://www.sports-reference.com/cbb/players/khalif-battle-1.html
WCC,Michael Ajayi,michael ajayi,Pepperdine,WCC,D1,Gonzaga,2024-25,2023-24,G,6-7,220,33,34.7,0.8675,17.2,9.9,1.9,0.9,0.5,2.0,0.467,0.47,0.709,0.511,19.827089337175792,11.412103746397694,2.190201729106628,1.037463976945245,0.5763688760806917,2.3054755043227666,34,13,18.8,639.2,0.47000000000000003,6.5,5.4,0.8,0.7,0.4,0.7,0.5279402209226771,16.7,18.3,2.6,0.162,4.4,https://www.sports-reference.com/cbb/players/michael-ajayi-1.html,https://www.sports-reference.com/cbb/players/michael-ajayi-1.html
WCC,Adam Miller,adam miller,Arizona State,Big 12,D1,Gonzaga,2025-26,2024-25,G,6-3,180,30,29.7,0.7424999999999999,9.8,2.3,1.9,1.0,0.0,1.4,0.449,0.429,0.756,0.576,13.198653198653199,3.0976430976430978,2.558922558922559,1.3468013468013469,0.0,1.8855218855218856,35,25,19.4,679.0,0.485,7.3,1.6,1.0,0.7,0.0,0.5,0.5415430267062314,12.6,18.3,2.4,0.142,4.0,https://www.sports-reference.com/cbb/players/adam-miller-3.html,https://www.sports-reference.com/cbb/players/adam-miller-3.html
WCC,Braeden Smith,braeden smith,Colgate,Patriot,D1,Gonzaga,2025-26,2023-24,G,6-0,180,35,30.2,0.755,12.5,5.5,5.6,1.9,0.1,2.3,0.393,0.311,0.786,0.462,16.55629139072848,7.28476821192053,7.417218543046358,2.5165562913907285,0.13245033112582782,3.0463576158940397,35,18,17.1,598.5,0.42750000000000005,5.1,2.2,3.6,1.0,0.0,1.1,0.575880758807588,17.2,15.9,2.7,0.181,7.1,https://www.sports-reference.com/cbb/players/braeden-smith-1.html,https://www.sports-reference.com/cbb/players/braeden-smith-1.html
WCC,Jalen Warley,jalen warley,Florida State,ACC,D1,Gonzaga,2025-26,2023-24,G,6-6,200,33,24.1,0.6025,7.5,2.6,2.8,1.3,0.3,1.1,0.424,0.143,0.725,0.426,12.448132780082986,4.3153526970954355,4.647302904564315,2.1576763485477177,0.49792531120331945,1.8257261410788381,33,17,21.8,719.4,0.545,7.1,4.8,2.1,1.5,0.3,0.9,0.5992572586090479,18.7,15.6,3.6,0.202,8.4,https://www.sports-reference.com/cbb/players/jalen-warley-1.html,https://www.sports-reference.com/cbb/players/jalen-warley-1.html
WCC,Steele Venters,steele venters,Eastern Washington,Big Sky,D1,Gonzaga,2025-26,2022-23,G,6-7,175,34,31.5,0.7875,15.3,2.8,1.5,0.8,0.4,1.9,0.457,0.371,0.845,0.553,19.428571428571427,3.5555555555555554,1.9047619047619047,1.0158730158730158,0.5079365079365079,2.4126984126984126,27,10,15.1,407.7,0.3775,5.0,1.3,1.0,0.6,0.1,0.6,0.5712979890310785,11.3,16.4,1.4,0.138,3.9,https://www.sports-reference.com/cbb/players/steele-venters-1.html,https://www.sports-reference.com/cbb/players/steele-venters-1.html
WCC,Tyon Grant-Foster,tyon grant foster,Grand Canyon,WAC,D1,Gonzaga,2025-26,2024-25,G,6-7,210,26,27.5,0.6875,14.8,5.9,2.1,1.7,1.5,2.7,0.399,0.232,0.686,0.438,21.527272727272727,8.581818181818182,3.0545454545454547,2.4727272727272727,2.1818181818181817,3.9272727272727272,35,6,21.5,752.5,0.5375,11.1,5.0,1.2,0.8,1.1,1.4,0.5386257763975155,20.0,26.8,3.3,0.175,5.9,https://www.sports-reference.com/cbb/players/tyon-grant-foster-1.html,https://www.sports-reference.com/cbb/players/tyon-grant-foster-1.html
WCC,Justin Ahrens,justin ahrens,Ohio State,Big Ten,D1,Loyola Marymount,2022-23,2021-22,F,6-6,195,32,20.1,0.5025000000000001,4.8,2.3,0.8,0.3,0.0,0.7,0.346,0.354,0.75,0.515,9.552238805970148,4.577114427860696,1.5920398009950247,0.5970149253731343,0.0,1.3930348258706466,29,24,23.2,672.8,0.58,6.6,1.9,0.7,0.5,0.2,0.8,0.537459283387622,8.9,15.2,1.2,0.071,-0.1,https://www.sports-reference.com/cbb/players/justin-ahrens-1.html,https://www.sports-reference.com/cbb/players/justin-ahrens-1.html
WCC,Michael Graham,michael graham,Elon,CAA,D1,Loyola Marymount,2022-23,2021-22,F,6-8,214,32,20.6,0.515,9.3,6.8,0.8,0.4,1.3,1.3,0.609,0.0,0.621,0.609,18.058252427184463,13.20388349514563,1.5533980582524272,0.7766990291262136,2.524271844660194,2.524271844660194,31,7,15.2,471.2,0.38,4.5,5.3,0.4,0.3,0.7,0.9,0.6918819188191883,19.6,13.6,1.8,0.152,2.1,https://www.sports-reference.com/cbb/players/michael-graham-2.html,https://www.sports-reference.com/cbb/players/michael-graham-2.html
WCC,Rick Issanza,rick issanza,Oklahoma,Big 12,D1,Loyola Marymount,2022-23,2021-22,C,7-1,245,12,4.1,0.1025,0.7,0.8,0.1,0.0,0.1,0.2,0.375,0.0,0.333,0.375,6.829268292682928,7.8048780487804885,0.9756097560975611,0.0,0.9756097560975611,1.9512195121951221,28,24,16.0,448.0,0.4,3.6,4.2,0.3,0.2,1.0,1.2,0.5944517833553501,12.9,13.2,0.9,0.079,0.4,https://www.sports-reference.com/cbb/players/rick-issanza-1.html,https://www.sports-reference.com/cbb/players/rick-issanza-1.html
WCC,Dominick Harris,dominick harris,Gonzaga,WCC,D1,Loyola Marymount,2023-24,2022-23,G,6-3,190,13,4.5,0.1125,1.5,0.6,0.5,0.1,0.1,0.2,0.389,0.273,1.0,0.472,13.333333333333334,5.333333333333333,4.444444444444445,0.8888888888888888,0.8888888888888888,1.7777777777777777,24,13,28.5,684.0,0.7125,14.3,3.3,1.0,0.5,0.1,1.9,0.5872207621550591,15.9,25.9,1.8,0.106,1.3,https://www.sports-reference.com/cbb/players/dominick-harris-1.html,https://www.sports-reference.com/cbb/players/dominick-harris-1.html
WCC,Justice Hill,justice hill,Louisiana State,SEC,D1,Loyola Marymount,2023-24,2022-23,G,6-0,170,30,22.7,0.5675,5.6,1.6,2.7,0.9,0.1,1.4,0.29,0.257,0.576,0.355,9.86784140969163,2.8193832599118944,4.757709251101322,1.5859030837004406,0.1762114537444934,2.4669603524229076,23,20,29.2,671.6,0.73,11.2,1.9,4.2,0.5,0.1,1.9,0.5135730007336757,14.2,22.9,1.5,0.087,-1.7,https://www.sports-reference.com/cbb/players/justice-hill-1.html,https://www.sports-reference.com/cbb/players/justice-hill-1.html
WCC,Justin Wright,justin wright,North Carolina Central,MEAC,D1,Loyola Marymount,2023-24,2022-23,G,6-1,210,30,33.4,0.835,16.1,5.1,2.2,1.3,0.1,2.6,0.473,0.414,0.776,0.524,19.281437125748504,6.107784431137725,2.6347305389221556,1.5568862275449102,0.11976047904191617,3.1137724550898205,29,12,26.4,765.5999999999999,0.6599999999999999,11.1,3.4,1.9,0.5,0.1,1.3,0.5637952052011378,16.4,22.2,2.2,0.114,0.6,https://www.sports-reference.com/cbb/players/justin-wright-2.html,https://www.sports-reference.com/cbb/players/justin-wright-2.html
WCC,Lars Thiemann,lars thiemann,California,Pac-12,D1,Loyola Marymount,2023-24,2022-23,F,7-0,248,31,25.1,0.6275000000000001,9.5,5.4,0.6,0.5,0.6,1.8,0.485,0.0,0.74,0.485,15.139442231075696,8.605577689243027,0.9561752988047808,0.796812749003984,0.9561752988047808,2.8685258964143423,31,25,21.3,660.3000000000001,0.5325,6.7,4.3,0.4,0.3,0.6,0.8,0.6417624521072798,16.7,15.2,2.2,0.131,0.2,https://www.sports-reference.com/cbb/players/lars-thiemann-1.html,https://www.sports-reference.com/cbb/players/lars-thiemann-1.html
WCC,Will Johnston,will johnston,Texas–Rio Grande Valley,WAC,D1,Loyola Marymount,2023-24,2022-23,G,6-3,180,31,32.0,0.8,14.5,2.2,3.6,0.3,0.1,2.5,0.429,0.438,0.844,0.548,18.125,2.75,4.5,0.375,0.125,3.125,31,20,28.9,895.9,0.7224999999999999,11.1,2.5,2.7,0.6,0.0,1.4,0.5415690866510539,13.8,21.2,2.2,0.099,-0.2,https://www.sports-reference.com/cbb/players/will-johnston-2.html,https://www.sports-reference.com/cbb/players/will-johnston-2.html
WCC,Caleb Stone-Carrawell,caleb stone carrawell,Utah Valley,WAC,D1,Loyola Marymount,2024-25,2023-24,G,6-7,215,32,27.7,0.6925,11.7,3.4,1.6,0.3,0.2,1.6,0.397,0.339,0.702,0.458,16.89530685920578,4.909747292418773,2.3104693140794224,0.4332129963898917,0.2888086642599278,2.3104693140794224,32,30,28.8,921.6,0.72,13.4,2.4,1.4,0.6,0.2,1.6,0.5491803278688525,14.3,25.2,1.7,0.076,0.0,https://www.sports-reference.com/cbb/players/caleb-stone-carrawell-1.html,https://www.sports-reference.com/cbb/players/caleb-stone-carrawell-1.html
WCC,Jan Vide,jan vide,UCLA,Pac-12,D1,Loyola Marymount,2024-25,2023-24,G,6-6,200,24,7.3,0.1825,1.9,0.8,0.5,0.2,0.0,0.4,0.38,0.667,0.75,0.4,10.41095890410959,4.383561643835616,2.73972602739726,1.095890410958904,0.0,2.191780821917808,32,0,19.3,617.6,0.48250000000000004,6.3,2.9,2.4,0.7,0.3,1.8,0.5317353139770425,12.9,21.2,1.1,0.069,-0.4,https://www.sports-reference.com/cbb/players/jan-vide-1.html,https://www.sports-reference.com/cbb/players/jan-vide-1.html
WCC,Jevon Porter,jevon porter,Pepperdine,WCC,D1,Loyola Marymount,2024-25,2023-24,F,6-11,220,21,31.5,0.7875,16.2,5.9,1.7,0.8,1.0,1.7,0.425,0.298,0.772,0.474,20.571428571428573,7.492063492063492,2.1587301587301586,1.0158730158730158,1.2698412698412698,2.1587301587301586,31,30,30.9,957.9,0.7725,12.5,7.2,1.9,0.8,1.1,1.9,0.4992012779552716,15.5,24.5,2.2,0.09,1.3,https://www.sports-reference.com/cbb/players/jevon-porter-1.html,https://www.sports-reference.com/cbb/players/jevon-porter-1.html
WCC,Matar Diop,matar diop,Nebraska,Big Ten,D1,Loyola Marymount,2024-25,2023-24,F,6-9,213,19,3.8,0.095,0.8,0.9,0.3,0.2,0.2,0.3,0.5,0.5,0.333,0.542,8.421052631578947,9.473684210526317,3.1578947368421053,2.1052631578947367,2.1052631578947367,3.1578947368421053,17,3,8.7,147.89999999999998,0.21749999999999997,1.8,2.2,0.4,0.1,0.2,0.7,0.625,10.7,13.1,0.3,0.075,-4.9,https://www.sports-reference.com/cbb/players/matar-diop-1.html,https://www.sports-reference.com/cbb/players/matar-diop-1.html
WCC,MJ Amey,mj amey,San Jose State,MWC,D1,Loyola Marymount,2024-25,2023-24,G,6-5,178,32,32.8,0.82,15.7,5.1,3.1,1.6,0.3,1.9,0.425,0.362,0.792,0.51,19.146341463414636,6.219512195121951,3.780487804878049,1.9512195121951221,0.3658536585365854,2.3170731707317076,32,4,20.5,656.0,0.5125,8.6,2.7,0.7,1.3,0.1,0.8,0.5123927550047664,14.8,23.5,1.5,0.092,0.5,https://www.sports-reference.com/cbb/players/myron-mj-ameyjr-1.html,https://www.sports-reference.com/cbb/players/myron-mj-ameyjr-1.html
WCC,Jalen Shelley,jalen shelley,Southern California,Big Ten,D1,Loyola Marymount,2025-26,2024-25,F,6-8,190,22,7.6,0.19,2.0,1.4,0.5,0.2,0.3,0.2,0.385,0.176,0.55,0.423,10.526315789473685,7.36842105263158,2.6315789473684212,1.0526315789473684,1.5789473684210527,1.0526315789473684,25,25,31.1,777.5,0.7775000000000001,13.7,6.6,2.7,0.7,0.6,2.3,0.5558260305095747,16.7,24.4,2.3,0.118,1.7,https://www.sports-reference.com/cbb/players/jalen-shelley-1.html,https://www.sports-reference.com/cbb/players/jalen-shelley-1.html
WCC,Nakyel Shelton,nakyel shelton,Eastern Illinois,OVC,D1,Loyola Marymount,2025-26,2024-25,G,6-3,180,29,34.0,0.85,17.0,4.6,2.0,1.6,0.8,2.6,0.432,0.363,0.82,0.496,20.0,5.411764705882353,2.3529411764705883,1.8823529411764706,0.9411764705882353,3.0588235294117645,28,0,8.9,249.20000000000002,0.2225,2.8,0.9,0.4,0.2,0.1,0.4,0.6340579710144928,11.0,15.6,0.6,0.099,-2.9,https://www.sports-reference.com/cbb/players/nakyel-shelton-1.html,https://www.sports-reference.com/cbb/players/nakyel-shelton-1.html
WCC,Rodney Brown,rodney brown,Virginia Tech,ACC,D1,Loyola Marymount,2025-26,2024-25,G,6-6,180,18,15.1,0.3775,4.1,2.1,1.8,0.2,0.1,0.9,0.375,0.424,0.545,0.472,10.860927152317881,5.562913907284768,4.768211920529802,0.5298013245033113,0.26490066225165565,2.384105960264901,31,30,32.3,1001.3,0.8074999999999999,14.0,2.4,1.7,0.7,0.1,1.5,0.5715218811234487,13.5,21.9,2.5,0.1,0.8,https://www.sports-reference.com/cbb/players/rodney-brown-jr-1.html,https://www.sports-reference.com/cbb/players/rodney-brown-jr-1.html
WCC,Rokas Jocius,rokas jocius,UCF,Big 12,D1,Loyola Marymount,2025-26,2024-25,C,6-10,260,25,8.6,0.215,2.0,1.6,0.3,0.0,0.2,0.4,0.42,0.154,0.714,0.44,9.30232558139535,7.441860465116279,1.3953488372093024,0.0,0.9302325581395349,1.8604651162790697,32,15,12.5,400.0,0.3125,3.2,3.0,0.4,0.2,0.3,0.7,0.5908419497784344,11.7,14.1,1.0,0.101,-2.3,https://www.sports-reference.com/cbb/players/rokas-jocius-1.html,https://www.sports-reference.com/cbb/players/rokas-jocius-1.html
WCC,Dez White,dez white,Missouri State,MVC,D1,Oregon State,2025-26,2024-25,G,6-2,176,31,34.3,0.8574999999999999,14.0,2.8,2.5,1.0,0.3,1.5,0.383,0.371,0.823,0.492,16.3265306122449,3.2653061224489797,2.915451895043732,1.1661807580174928,0.34985422740524785,1.7492711370262393,30,28,29.6,888.0,0.74,9.7,2.7,2.1,0.9,0.1,1.3,0.5320315928038614,11.0,18.9,1.3,0.059,-0.1,https://www.sports-reference.com/cbb/players/dez-white-1.html,https://www.sports-reference.com/cbb/players/dez-white-1.html
WCC,Jorge Diaz Graham,jorge diaz graham,Pittsburgh,ACC,D1,Oregon State,2025-26,2024-25,F,6-11,190,29,7.2,0.18,3.1,0.9,0.2,0.3,0.1,0.1,0.519,0.476,0.813,0.704,17.22222222222222,5.0,1.1111111111111112,1.6666666666666665,0.5555555555555556,0.5555555555555556,32,11,17.9,572.8,0.44749999999999995,6.0,3.6,1.0,0.5,1.0,0.8,0.6177924217462932,17.1,17.1,1.8,0.128,4.4,https://www.sports-reference.com/cbb/players/jorge-diaz-graham-1.html,https://www.sports-reference.com/cbb/players/jorge-diaz-graham-1.html
WCC,Malcolm Christie,malcolm christie,Oakland,Horizon,D1,Oregon State,2025-26,2024-25,G,6-5,185,32,20.0,0.5,8.3,1.2,0.4,0.3,0.1,0.6,0.328,0.321,0.698,0.477,16.6,2.4,0.8,0.6,0.2,1.2,15,0,13.3,199.5,0.3325,4.6,1.0,0.2,0.3,0.1,0.3,0.558252427184466,10.5,18.0,0.3,0.058,-0.5,https://www.sports-reference.com/cbb/players/malcolm-christie-1.html,https://www.sports-reference.com/cbb/players/malcolm-christie-1.html
WCC,Noah Amenhauser,noah amenhauser,Coastal Carolina,Sun Belt,D1,Oregon State,2025-26,2024-25,C,7-0,250,31,22.3,0.5575,10.8,6.0,0.8,0.3,0.8,1.9,0.557,0.4,0.636,0.566,19.37219730941704,10.762331838565022,1.4349775784753362,0.5381165919282511,1.4349775784753362,3.408071748878924,29,8,12.2,353.79999999999995,0.305,5.1,2.2,0.4,0.0,0.5,0.8,0.6299407114624506,16.4,21.8,0.8,0.094,-0.7,https://www.sports-reference.com/cbb/players/noah-amenhauser-1.html,https://www.sports-reference.com/cbb/players/noah-amenhauser-1.html
WCC,Stephen Olowoniyi,stephen olowoniyi,Southern Indiana,OVC,D1,Oregon State,2025-26,2024-25,F,6-8,195,30,27.0,0.675,13.9,6.8,0.5,0.9,1.1,1.8,0.591,0.0,0.637,0.591,20.59259259259259,10.074074074074074,0.7407407407407407,1.3333333333333333,1.6296296296296295,2.6666666666666665,8,0,4.6,36.8,0.11499999999999999,1.4,0.5,0.0,0.0,0.3,0.3,0.4289215686274509,5.3,21.7,0.0,-0.039,-8.5,https://www.sports-reference.com/cbb/players/stephen-olowoniyi-1.html,https://www.sports-reference.com/cbb/players/stephen-olowoniyi-1.html
WCC,Yaak Yaak,yaak yaak,New Mexico State,CUSA,D1,Oregon State,2025-26,2023-24,F,6-11,230,15,3.7,0.0925,0.5,0.7,0.1,0.0,0.1,0.3,0.25,0.0,0.833,0.25,5.405405405405405,7.5675675675675675,1.081081081081081,0.0,1.081081081081081,3.243243243243243,25,9,15.1,377.5,0.3775,6.6,2.2,0.4,0.3,0.5,1.0,0.632183908045977,16.3,22.5,1.1,0.113,0.7,https://www.sports-reference.com/cbb/players/yaak-yaak-1.html,https://www.sports-reference.com/cbb/players/yaak-yaak-1.html
WCC,Donovan Williams,donovan williams,Oklahoma State,Big 12,D1,Pacific,2022-23,2021-22,G,6-5,200,9,10.4,0.26,3.1,1.6,0.2,0.7,0.0,0.4,0.4,0.444,0.571,0.5,11.923076923076923,6.153846153846153,0.7692307692307692,2.692307692307692,0.0,1.5384615384615383,30,27,23.0,690.0,0.575,7.1,3.6,1.0,0.5,0.1,0.8,0.4916897506925207,11.3,17.9,1.1,0.063,-2.0,https://www.sports-reference.com/cbb/players/donovan-williams-4.html,https://www.sports-reference.com/cbb/players/donovan-williams-4.html
WCC,Jordan Ivy-Curry,jordan ivy curry,UTSA,CUSA,D1,Pacific,2022-23,2021-22,G,6-2,170,21,27.7,0.6925,13.9,2.3,2.3,0.9,0.1,2.4,0.347,0.338,0.804,0.424,20.072202166064983,3.32129963898917,3.32129963898917,1.2996389891696751,0.1444043321299639,3.4657039711191335,33,7,20.0,660.0,0.5,10.3,2.6,1.5,0.5,0.0,1.2,0.5537634408602151,17.6,26.9,1.8,0.107,0.5,https://www.sports-reference.com/cbb/players/jordan-ivy-curry-1.html,https://www.sports-reference.com/cbb/players/jordan-ivy-curry-1.html
WCC,Judson Martindale,judson martindale,Holy Cross,Patriot,D1,Pacific,2022-23,2021-22,G,6-6,205,31,24.1,0.6025,8.2,3.3,0.9,0.6,0.6,1.8,0.4,0.339,0.714,0.489,13.609958506224066,5.477178423236515,1.4937759336099585,0.9958506224066389,0.9958506224066389,2.987551867219917,33,19,20.4,673.1999999999999,0.51,6.5,2.4,1.1,0.4,0.4,1.4,0.6000738552437224,11.4,17.1,1.0,0.057,-1.1,https://www.sports-reference.com/cbb/players/judson-martindale-1.html,https://www.sports-reference.com/cbb/players/judson-martindale-1.html
WCC,Keylan Boone,keylan boone,Oklahoma State,Big 12,D1,Pacific,2022-23,2021-22,G,6-8,200,27,17.9,0.44749999999999995,6.0,3.3,0.5,0.6,0.5,0.9,0.369,0.316,0.833,0.49,13.407821229050281,7.374301675977654,1.11731843575419,1.340782122905028,1.11731843575419,2.011173184357542,27,20,23.1,623.7,0.5775,13.9,4.2,0.8,0.6,0.4,1.1,0.6113652357494722,23.1,27.6,2.5,0.159,4.4,https://www.sports-reference.com/cbb/players/keylan-boone-1.html,https://www.sports-reference.com/cbb/players/keylan-boone-1.html
WCC,Tyler Beard,tyler beard,Georgetown,Big East,D1,Pacific,2022-23,2021-22,G,6-2,180,30,12.3,0.3075,3.0,1.4,1.3,0.3,0.1,1.2,0.333,0.281,0.743,0.389,9.75609756097561,4.5528455284552845,4.227642276422764,0.975609756097561,0.3252032520325203,3.902439024390244,32,11,22.2,710.4,0.5549999999999999,9.1,2.6,2.6,0.7,0.1,1.7,0.5833333333333333,16.8,21.8,1.7,0.098,1.1,https://www.sports-reference.com/cbb/players/tyler-beard-1.html,https://www.sports-reference.com/cbb/players/tyler-beard-1.html
WCC,Burke Smith,burke smith,Boise State,MWC,D1,Pacific,2023-24,2022-23,F,6-11,212,10,3.4,0.08499999999999999,0.9,1.1,0.1,0.1,0.0,0.0,0.25,0.25,0.4,0.292,10.588235294117647,12.941176470588236,1.1764705882352942,1.1764705882352942,0.0,0.0,30,1,11.4,342.0,0.28500000000000003,4.2,2.0,0.5,0.4,0.2,0.4,0.553213909378293,15.2,19.5,0.6,0.065,-2.6,https://www.sports-reference.com/cbb/players/burke-smith-1.html,https://www.sports-reference.com/cbb/players/burke-smith-1.html
WCC,Lesown Hallums,lesown hallums,South Carolina State,MEAC,D1,Pacific,2023-24,2022-23,G,6-2,180,24,26.5,0.6625,10.6,3.2,2.0,1.0,0.3,2.5,0.447,0.405,0.667,0.486,16.0,4.830188679245283,3.018867924528302,1.509433962264151,0.4528301886792453,3.7735849056603774,31,18,17.9,554.9,0.44749999999999995,6.2,1.6,0.9,0.7,0.0,1.0,0.5201342281879194,11.1,20.5,0.1,0.011,-6.1,https://www.sports-reference.com/cbb/players/lesown-hallums-1.html,https://www.sports-reference.com/cbb/players/lesown-hallums-1.html
WCC,Elijah Fisher,elijah fisher,DePaul,Big East,D1,Pacific,2024-25,2023-24,G,6-6,190,32,31.8,0.795,10.2,3.8,1.4,0.8,0.3,1.6,0.52,0.263,0.722,0.541,12.830188679245282,4.779874213836478,1.7610062893081762,1.0062893081761006,0.3773584905660377,2.0125786163522013,33,33,33.7,1112.1000000000001,0.8425,15.7,4.8,1.5,0.7,0.3,2.7,0.5789085545722714,15.5,24.9,2.3,0.082,-1.1,https://www.sports-reference.com/cbb/players/elijah-fisher-1.html,https://www.sports-reference.com/cbb/players/elijah-fisher-1.html
WCC,Jazz Gardner,jazz gardner,Nevada,MWC,D1,Pacific,2024-25,2023-24,C,7-0,225,20,6.5,0.1625,2.5,2.0,0.2,0.1,0.2,0.5,0.449,0.182,0.444,0.469,15.384615384615385,12.307692307692308,1.2307692307692308,0.6153846153846154,1.2307692307692308,3.076923076923077,33,27,17.6,580.8000000000001,0.44000000000000006,4.6,3.8,0.4,0.2,0.6,0.6,0.6020942408376962,13.7,12.9,1.2,0.084,-2.7,https://www.sports-reference.com/cbb/players/jazz-gardner-1.html,https://www.sports-reference.com/cbb/players/jazz-gardner-1.html
WCC,Kris Keinys,kris keinys,Minnesota,Big Ten,D1,Pacific,2024-25,2023-24,F,6-8,215,5,4.2,0.10500000000000001,1.4,1.0,0.2,0.2,0.0,0.4,0.6,1.0,0.0,0.7,13.333333333333332,9.523809523809524,1.9047619047619047,1.9047619047619047,0.0,3.8095238095238093,21,0,8.1,170.1,0.20249999999999999,2.6,1.8,0.1,0.3,0.1,0.2,0.5952380952380952,14.6,15.7,0.5,0.11,-2.5,https://www.sports-reference.com/cbb/players/kris-keinys-1.html,https://www.sports-reference.com/cbb/players/kris-keinys-1.html
WCC,Lamar Washington,lamar washington,Texas Tech,Big 12,D1,Pacific,2024-25,2023-24,G,6-4,205,30,8.9,0.2225,2.1,1.5,0.8,0.3,0.0,0.6,0.382,0.235,0.68,0.418,9.438202247191011,6.741573033707865,3.595505617977528,1.348314606741573,0.0,2.696629213483146,33,33,34.3,1131.8999999999999,0.8574999999999999,13.5,5.1,5.8,1.7,0.2,3.9,0.5034307875894988,14.8,26.0,1.5,0.053,-1.1,https://www.sports-reference.com/cbb/players/lamar-washington-1.html,https://www.sports-reference.com/cbb/players/lamar-washington-1.html
WCC,Petar Krivokapic,petar krivokapic,Florida International,CUSA,D1,Pacific,2024-25,2023-24,G,6-4,200,33,19.6,0.49000000000000005,7.2,1.5,0.7,0.7,0.0,1.0,0.376,0.308,0.702,0.479,14.693877551020407,3.061224489795918,1.4285714285714284,1.4285714285714284,0.0,2.0408163265306123,33,6,26.6,877.8000000000001,0.665,7.2,2.9,1.1,0.3,0.1,0.7,0.501952035694367,8.5,15.2,1.0,0.046,-2.9,https://www.sports-reference.com/cbb/players/petar-krivokapic-1.html,https://www.sports-reference.com/cbb/players/petar-krivokapic-1.html
WCC,Alexis Marmolejos,alexis marmolejos,Lamar,Southland,D1,Pacific,2025-26,2024-25,G,6-1,180,33,30.2,0.755,14.5,3.3,2.1,1.2,0.1,1.8,0.409,0.385,0.765,0.519,19.205298013245034,4.370860927152318,2.781456953642384,1.589403973509934,0.13245033112582782,2.384105960264901,25,0,9.2,229.99999999999997,0.22999999999999998,3.6,1.6,0.3,0.2,0.1,0.4,0.49288061336254113,12.2,23.0,0.5,0.096,1.5,https://www.sports-reference.com/cbb/players/alexis-marmolejos-1.html,https://www.sports-reference.com/cbb/players/alexis-marmolejos-1.html
WCC,Isaac Jack,isaac jack,Dayton,A-10,D1,Pacific,2025-26,2024-25,C,6-11,251,21,8.4,0.21000000000000002,3.2,2.0,0.3,0.1,0.1,0.5,0.816,0.0,0.462,0.816,15.238095238095237,9.523809523809524,1.4285714285714286,0.47619047619047616,0.47619047619047616,2.380952380952381,33,33,21.7,716.1,0.5425,9.1,5.3,0.5,0.3,0.4,0.8,0.6722813238770685,20.5,18.2,3.2,0.178,2.3,https://www.sports-reference.com/cbb/players/isaac-jack-1.html,https://www.sports-reference.com/cbb/players/isaac-jack-1.html
WCC,Jaden Clayton,jaden clayton,Maine,AmEast,D1,Pacific,2025-26,2024-25,G,6-1,160,34,32.1,0.8025,7.5,3.3,4.4,1.7,0.1,1.7,0.423,0.288,0.766,0.468,9.345794392523365,4.11214953271028,5.482866043613707,2.1183800623052957,0.12461059190031153,2.1183800623052957,33,24,30.5,1006.5,0.7625,7.9,3.3,6.4,1.1,0.0,2.5,0.47890397672162954,12.0,18.3,2.4,0.094,0.6,https://www.sports-reference.com/cbb/players/jaden-clayton-1.html,https://www.sports-reference.com/cbb/players/jaden-clayton-1.html
WCC,Justin Rochelin,justin rochelin,UC San Diego,Big West,D1,Pacific,2025-26,2024-25,G,6-5,200,35,19.3,0.48250000000000004,6.6,3.5,0.7,0.7,0.3,0.8,0.463,0.34,0.688,0.559,13.678756476683937,7.253886010362694,1.450777202072539,1.450777202072539,0.6217616580310881,1.6580310880829014,33,33,27.2,897.6,0.6799999999999999,9.1,6.4,1.0,0.9,0.2,1.8,0.5833333333333333,13.6,18.5,2.6,0.117,1.8,https://www.sports-reference.com/cbb/players/justin-rochelin-2.html,https://www.sports-reference.com/cbb/players/justin-rochelin-2.html
WCC,Kajus Kublickas,kajus kublickas,Florida,SEC,D1,Pacific,2025-26,2024-25,G,6-2,171,6,4.2,0.10500000000000001,0.7,1.2,0.3,0.0,0.0,0.0,0.2,0.0,1.0,0.2,6.666666666666666,11.428571428571429,2.857142857142857,0.0,0.0,0.0,33,9,20.1,663.3000000000001,0.5025000000000001,5.6,2.5,3.0,0.4,0.0,1.9,0.4707464694014794,7.9,20.2,0.9,0.053,-3.5,https://www.sports-reference.com/cbb/players/kajus-kublickas-1.html,https://www.sports-reference.com/cbb/players/kajus-kublickas-1.html
WCC,KC Ibekwe,kc ibekwe,Washington,Big Ten,D1,Pacific,2025-26,2024-25,C,6-10,287,12,5.7,0.14250000000000002,1.6,1.1,0.0,0.0,0.3,0.3,0.583,0.0,0.5,0.583,11.228070175438596,7.719298245614035,0.0,0.0,2.1052631578947367,2.1052631578947367,32,0,9.3,297.6,0.2325,3.8,1.6,0.3,0.2,0.3,0.8,0.5842558425584256,13.1,22.9,0.5,0.073,-1.8,https://www.sports-reference.com/cbb/players/kc-ibekwe-1.html,https://www.sports-reference.com/cbb/players/kc-ibekwe-1.html
WCC,TJ Wainwright,tj wainwright,Long Beach State,Big West,D1,Pacific,2025-26,2024-25,G,6-3,180,29,30.0,0.75,13.4,2.7,1.7,0.9,0.0,1.4,0.466,0.407,0.841,0.564,17.866666666666667,3.6,2.2666666666666666,1.2,0.0,1.8666666666666667,33,33,31.8,1049.4,0.795,13.0,3.8,1.4,0.7,0.0,1.5,0.564628214037526,13.1,21.2,3.0,0.116,0.8,https://www.sports-reference.com/cbb/players/tj-wainwright-1.html,https://www.sports-reference.com/cbb/players/tj-wainwright-1.html
WCC,Boubacar Coulibaly,boubacar coulibaly,Southern California,Pac-12,D1,Pepperdine,2022-23,2021-22,F,6-10,195,6,3.8,0.095,1.7,1.7,0.3,0.0,0.3,0.0,0.6,0.0,0.667,0.6,17.894736842105264,17.894736842105264,3.1578947368421053,0.0,3.1578947368421053,0.0,12,1,17.8,213.60000000000002,0.445,5.8,4.5,0.6,0.4,1.3,1.2,0.5564082885648504,15.2,17.4,0.4,0.079,-1.7,https://www.sports-reference.com/cbb/players/boubacar-coulibaly-1.html,https://www.sports-reference.com/cbb/players/boubacar-coulibaly-1.html
WCC,Ethan Anderson,ethan anderson,Wyoming,MWC,D1,Pepperdine,2023-24,2022-23,G,6-1,210,21,24.9,0.6224999999999999,7.9,4.3,2.9,0.3,0.2,2.0,0.54,0.313,0.466,0.56,12.690763052208837,6.907630522088354,4.658634538152611,0.48192771084337355,0.321285140562249,3.21285140562249,33,33,24.7,815.1,0.6174999999999999,5.7,2.2,3.3,0.5,0.1,1.8,0.5125899280575539,9.4,15.4,0.8,0.038,-3.8,https://www.sports-reference.com/cbb/players/ethan-anderson-1.html,https://www.sports-reference.com/cbb/players/ethan-anderson-1.html
WCC,Alonso Faure,alonso faure,Loyola (MD),Patriot,D1,Pepperdine,2024-25,2023-24,F,6-10,225,32,20.5,0.5125,7.8,5.6,1.0,0.4,0.4,1.8,0.49,0.3,0.635,0.513,15.21951219512195,10.926829268292684,1.951219512195122,0.7804878048780488,0.7804878048780488,3.5121951219512195,27,0,7.6,205.2,0.19,2.3,2.3,0.3,0.1,0.1,0.5,0.560428849902534,13.5,17.4,0.4,0.074,-5.8,https://www.sports-reference.com/cbb/players/alonso-faure-1.html,https://www.sports-reference.com/cbb/players/alonso-faure-1.html
WCC,Mike Saunders,mike saunders,McNeese State,Southland,D1,Pepperdine,2024-25,2023-24,G,6-0,190,18,16.9,0.4225,6.0,1.3,1.6,0.4,0.0,0.6,0.515,0.381,0.78,0.576,14.201183431952664,3.076923076923077,3.7869822485207103,0.9467455621301776,0.0,1.4201183431952664,17,0,7.3,124.1,0.1825,1.2,0.5,0.4,0.1,0.0,0.3,0.45454545454545453,3.9,11.1,0.0,0.005,-5.8,https://www.sports-reference.com/cbb/players/mike-saundersjr-1.html,https://www.sports-reference.com/cbb/players/mike-saundersjr-1.html
WCC,Moe Odum,moe odum,Pacific,WCC,D1,Pepperdine,2024-25,2023-24,G,6-1,160,32,28.3,0.7075,8.7,2.6,4.6,1.2,0.1,1.8,0.368,0.296,0.733,0.437,12.296819787985866,3.674911660777385,6.501766784452297,1.696113074204947,0.1413427561837456,2.5441696113074204,35,35,33.3,1165.5,0.8324999999999999,13.1,3.2,7.5,1.2,0.0,2.6,0.5673943173943173,18.1,21.5,3.3,0.114,1.9,https://www.sports-reference.com/cbb/players/moe-odum-1.html,https://www.sports-reference.com/cbb/players/moe-odum-1.html
WCC,Stefan Todorovic,stefan todorovic,San Francisco,WCC,D1,Pepperdine,2024-25,2023-24,F,6-8,190,22,9.7,0.2425,3.8,1.5,0.4,0.3,0.0,0.4,0.4,0.289,0.882,0.493,15.670103092783506,6.185567010309279,1.6494845360824744,1.2371134020618557,0.0,1.6494845360824744,35,35,34.3,1200.5,0.8574999999999999,18.3,5.5,2.1,1.0,0.1,2.2,0.5687468920934858,17.9,27.1,3.2,0.106,1.6,https://www.sports-reference.com/cbb/players/stefan-todorovic-1.html,https://www.sports-reference.com/cbb/players/stefan-todorovic-1.html
WCC,Zion Bethea,zion bethea,Delaware,CAA,D1,Pepperdine,2024-25,2023-24,G,6-3,205,3,14.3,0.35750000000000004,2.7,1.3,0.3,0.0,0.0,0.7,0.231,0.25,0.0,0.308,7.5524475524475525,3.6363636363636362,0.8391608391608392,0.0,0.0,1.958041958041958,30,13,21.6,648.0,0.54,7.4,2.9,0.7,1.2,0.1,0.8,0.4901960784313726,11.2,19.7,0.8,0.049,-2.2,https://www.sports-reference.com/cbb/players/zion-bethea-1.html,https://www.sports-reference.com/cbb/players/zion-bethea-1.html
WCC,Aaron Clark,aaron clark,Wake Forest,ACC,D1,Pepperdine,2025-26,2023-24,G,6-6,195,7,4.6,0.11499999999999999,0.0,0.1,0.1,0.6,0.3,0.1,0.0,0.0,0.0,0.0,0.0,0.8695652173913044,0.8695652173913044,5.217391304347826,2.608695652173913,0.8695652173913044,32,26,32.3,1033.6,0.8074999999999999,15.3,3.4,2.7,1.2,0.1,2.8,0.5502013808975834,14.4,25.9,1.5,0.058,-0.8,https://www.sports-reference.com/cbb/players/aaron-clark-1.html,https://www.sports-reference.com/cbb/players/aaron-clark-1.html
WCC,Javon Cooley,javon cooley,Marist,MAAC,D1,Pepperdine,2025-26,2023-24,F,6-5,185,31,24.8,0.62,7.5,4.2,0.6,0.9,0.5,0.9,0.542,0.475,0.854,0.676,12.096774193548386,6.774193548387097,0.9677419354838709,1.4516129032258065,0.8064516129032258,1.4516129032258065,32,27,30.2,966.4,0.755,11.4,4.7,1.1,1.0,0.3,1.4,0.5367231638418078,13.0,20.1,1.6,0.067,-1.1,https://www.sports-reference.com/cbb/players/javon-cooley-1.html,https://www.sports-reference.com/cbb/players/javon-cooley-1.html
WCC,Pavle Stosic,pavle stosic,Gonzaga,WCC,D1,Pepperdine,2025-26,2023-24,F,6-9,215,14,3.4,0.08499999999999999,1.0,0.8,0.1,0.1,0.2,0.4,0.375,0.0,0.5,0.375,11.764705882352942,9.411764705882353,1.1764705882352942,1.1764705882352942,2.3529411764705883,4.705882352941177,31,12,16.2,502.2,0.40499999999999997,3.6,3.8,0.7,0.4,0.5,0.6,0.5022321428571429,12.1,13.0,0.8,0.065,-3.0,https://www.sports-reference.com/cbb/players/pavle-stosic-1.html,https://www.sports-reference.com/cbb/players/pavle-stosic-1.html
WCC,Preston Phillips,preston phillips,Evansville,MVC,D1,Pepperdine,2025-26,2022-23,F,6-8,190,31,19.5,0.4875,3.9,3.7,1.0,0.7,0.5,1.0,0.542,0.346,0.59,0.596,8.0,7.589743589743589,2.051282051282051,1.435897435897436,1.0256410256410255,2.051282051282051,3,0,11.7,35.099999999999994,0.2925,0.7,2.7,0.7,0.7,0.3,0.7,0.5,8.5,5.7,0.0,0.037,0.8,https://www.sports-reference.com/cbb/players/preston-phillips-2.html,https://www.sports-reference.com/cbb/players/preston-phillips-2.html
WCC,Stefan Cicic,stefan cicic,Tulane,AAC,D1,Pepperdine,2025-26,2024-25,C,7-0,260,3,1.3,0.0325,0.0,0.0,0.0,0.0,0.0,0.0,0.0,0.0,0.0,0.0,0.0,0.0,0.0,0.0,0.0,0.0,32,5,12.4,396.8,0.31,4.5,2.6,0.3,0.3,0.8,0.8,0.5664652567975831,15.2,19.5,0.6,0.061,-3.2,https://www.sports-reference.com/cbb/players/stefan-cicic-1.html,https://www.sports-reference.com/cbb/players/stefan-cicic-1.html
WCC,Styles Phipps,styles phipps,Grand Canyon,WAC,D1,Pepperdine,2025-26,2024-25,G,6-2,190,20,7.9,0.1975,2.1,1.2,1.1,0.8,0.0,0.7,0.452,0.143,0.6,0.468,10.632911392405063,6.075949367088607,5.5696202531645564,4.0506329113924044,0.0,3.5443037974683542,32,32,34.0,1088.0,0.85,13.4,5.9,5.2,1.5,0.2,2.8,0.5293931731984829,16.7,23.0,2.4,0.087,0.7,https://www.sports-reference.com/cbb/players/styles-phipps-1.html,https://www.sports-reference.com/cbb/players/styles-phipps-1.html
WCC,Yonatan Levy,yonatan levy,Green Bay,Horizon,D1,Pepperdine,2025-26,2024-25,F,6-9,250,13,23.9,0.5974999999999999,7.8,6.1,2.6,0.9,0.5,2.4,0.373,0.318,0.864,0.407,13.054393305439332,10.209205020920503,4.351464435146444,1.5062761506276152,0.8368200836820084,4.01673640167364,32,28,20.4,652.8,0.51,5.2,4.2,1.7,0.8,0.2,1.4,0.5565068493150686,11.2,15.0,0.9,0.058,-2.7,https://www.sports-reference.com/cbb/players/yonatan-levy-1.html,https://www.sports-reference.com/cbb/players/yonatan-levy-1.html
WCC,Alden Applewhite,alden applewhite,Mississippi State,SEC,D1,Portland,2022-23,2021-22,F,6-7,200,2,3.5,0.0875,1.0,2.0,0.0,0.0,0.0,0.5,0.0,0.0,1.0,0.0,11.428571428571429,22.857142857142858,0.0,0.0,0.0,5.714285714285714,32,5,17.5,560.0,0.4375,7.7,2.9,1.2,0.7,0.1,1.4,0.586890243902439,15.7,23.4,1.4,0.1,0.5,https://www.sports-reference.com/cbb/players/alden-applewhite-1.html,https://www.sports-reference.com/cbb/players/alden-applewhite-1.html
WCC,Joey St. Pierre,joey st pierre,Milwaukee,Horizon,D1,Portland,2022-23,2021-22,C,6-10,275,31,23.7,0.5925,6.3,5.7,0.8,0.4,1.4,1.5,0.59,0.0,0.481,0.59,10.632911392405063,9.620253164556962,1.350210970464135,0.6751054852320675,2.3628691983122363,2.5316455696202533,20,9,9.2,184.0,0.22999999999999998,3.2,2.0,0.1,0.2,0.3,0.8,0.54421768707483,10.8,20.5,0.2,0.042,-6.0,https://www.sports-reference.com/cbb/players/joey-stpierre-1.html,https://www.sports-reference.com/cbb/players/joey-stpierre-1.html
WCC,Wyatt Lowell,wyatt lowell,Brigham Young,WCC,D1,Portland,2022-23,2020-21,F,6-10,205,7,6.3,0.1575,2.0,1.1,0.1,0.0,0.0,0.1,0.286,0.25,0.75,0.393,12.6984126984127,6.984126984126984,0.6349206349206349,0.0,0.0,0.6349206349206349,13,0,8.2,106.6,0.205,4.2,1.5,0.7,0.5,0.0,0.2,0.5687973997833152,19.7,24.8,0.4,0.147,-3.4,https://www.sports-reference.com/cbb/players/wyatt-lowell-1.html,https://www.sports-reference.com/cbb/players/wyatt-lowell-1.html
WCC,Alimamy Koroma,alimamy koroma,Cal Poly,Big West,D1,Portland,2023-24,2022-23,F,6-8,220,33,26.0,0.65,10.8,4.3,0.4,0.4,0.9,1.8,0.479,0.306,0.771,0.507,16.615384615384617,6.615384615384615,0.6153846153846154,0.6153846153846154,1.3846153846153846,2.769230769230769,12,5,18.6,223.20000000000002,0.465,9.7,4.2,0.7,0.3,0.6,1.5,0.6208397337429595,19.6,26.2,0.5,0.09,-3.2,https://www.sports-reference.com/cbb/players/alimamy-koroma-1.html,https://www.sports-reference.com/cbb/players/alimamy-koroma-1.html
WCC,Yuto Yamanouchi,yuto yamanouchi,Lamar,Southland,D1,Portland,2023-24,2022-23,C,6-10,225,28,21.5,0.5375,6.9,7.1,0.3,0.2,0.8,1.2,0.407,0.167,0.753,0.413,12.837209302325581,13.209302325581396,0.5581395348837209,0.37209302325581395,1.4883720930232558,2.2325581395348837,12,11,20.1,241.20000000000002,0.5025000000000001,8.6,5.2,0.6,0.2,0.8,1.3,0.5512820512820512,15.4,23.5,0.4,0.063,-2.1,https://www.sports-reference.com/cbb/players/yuto-yamanouchi-1.html,https://www.sports-reference.com/cbb/players/yuto-yamanouchi-1.html
WCC,Jermaine Ballisager-Webb,jermaine ballisager webb,American,Patriot,D1,Portland,2024-25,2023-24,C,7-0,240,22,13.2,0.32999999999999996,7.4,3.8,0.4,0.1,0.2,1.2,0.581,0.0,0.625,0.581,22.424242424242426,11.515151515151516,1.2121212121212122,0.30303030303030304,0.6060606060606061,3.6363636363636367,29,8,10.3,298.70000000000005,0.2575,4.3,1.8,0.8,0.1,0.1,0.5,0.6971465629053177,17.7,17.9,0.9,0.124,0.7,https://www.sports-reference.com/cbb/players/jermaine-ballisager-webb-1.html,https://www.sports-reference.com/cbb/players/jermaine-ballisager-webb-1.html
WCC,Max Mackinnon,max mackinnon,Elon,CAA,D1,Portland,2024-25,2023-24,G,6-5,205,32,27.1,0.6775,12.1,4.8,2.6,0.8,0.2,2.1,0.45,0.364,0.702,0.527,17.859778597785976,7.084870848708487,3.837638376383764,1.1808118081180812,0.2952029520295203,3.099630996309963,32,30,28.1,899.2,0.7025,14.5,4.8,3.2,0.7,0.3,2.3,0.5886651510230595,19.5,26.9,2.3,0.104,1.1,https://www.sports-reference.com/cbb/players/max-mackinnon-1.html,https://www.sports-reference.com/cbb/players/max-mackinnon-1.html
WCC,Mezziah Oakman,mezziah oakman,UC Santa Barbara,Big West,D1,Portland,2024-25,2023-24,C,7-0,230,1,5.0,0.125,0.0,2.0,0.0,0.0,0.0,0.0,0.0,0.0,0.0,0.0,0.0,16.0,0.0,0.0,0.0,0.0,13,2,9.5,123.5,0.2375,4.4,1.5,0.5,0.4,0.4,0.5,0.686641697877653,20.4,20.7,0.4,0.129,-6.5,https://www.sports-reference.com/cbb/players/mezziah-oakman-1.html,https://www.sports-reference.com/cbb/players/mezziah-oakman-1.html
WCC,James O'Donnell,james o donnell,San Francisco,WCC,D1,Portland,2025-26,2024-25,F,6-9,230,35,12.6,0.315,2.1,2.6,0.5,0.3,0.4,0.8,0.574,0.0,0.406,0.574,6.666666666666667,8.253968253968255,1.5873015873015874,0.9523809523809524,1.2698412698412698,2.5396825396825395,34,23,22.4,761.5999999999999,0.5599999999999999,10.0,4.4,1.1,0.4,0.6,1.9,0.6582411795681937,16.5,21.4,1.8,0.095,-1.1,https://www.sports-reference.com/cbb/players/james-odonnell-2.html,https://www.sports-reference.com/cbb/players/james-odonnell-2.html
WCC,Matus Hronsky,matus hronsky,Duquesne,A-10,D1,Portland,2025-26,2024-25,F,6-8,205,32,17.0,0.425,5.2,1.9,0.9,0.6,0.1,0.8,0.369,0.353,0.75,0.484,12.235294117647058,4.470588235294118,2.1176470588235294,1.411764705882353,0.23529411764705882,1.8823529411764706,31,21,18.3,567.3000000000001,0.4575,5.6,2.0,0.9,0.5,0.2,1.0,0.5275056518462697,9.2,17.1,0.6,0.041,-1.5,https://www.sports-reference.com/cbb/players/matus-hronsky-1.html,https://www.sports-reference.com/cbb/players/matus-hronsky-1.html
WCC,Riley Parker,riley parker,Saint Francis (PA),NEC,D1,Portland,2025-26,2024-25,G,6-2,195,34,31.7,0.7925,13.4,3.5,3.3,0.9,0.1,2.5,0.481,0.396,0.851,0.575,16.90851735015773,4.416403785488959,4.16403785488959,1.135646687697161,0.12618296529968454,3.1545741324921135,1,0,19.0,19.0,0.475,4.0,1.0,2.0,1.0,0.0,1.0,0.625,10.5,11.5,0.0,0.083,-1.5,https://www.sports-reference.com/cbb/players/riley-parker-1.html,https://www.sports-reference.com/cbb/players/riley-parker-1.html
WCC,Ashton Hardaway,ashton hardaway,Memphis,AAC,D1,Saint Mary's,2024-25,2023-24,F,6-8,210,30,8.2,0.205,2.3,0.8,0.4,0.2,0.2,0.4,0.343,0.333,0.6,0.464,11.219512195121952,3.9024390243902443,1.9512195121951221,0.9756097560975611,0.9756097560975611,1.9512195121951221,33,0,9.5,313.5,0.2375,2.1,1.2,0.4,0.3,0.2,0.3,0.48253676470588236,10.1,13.1,1.0,0.126,2.9,https://www.sports-reference.com/cbb/players/ashton-hardaway-1.html,https://www.sports-reference.com/cbb/players/ashton-hardaway-1.html
WCC,Paulius Murauskas,paulius murauskas,Arizona,Pac-12,D1,Saint Mary's,2024-25,2023-24,F,6-8,225,23,5.0,0.125,2.7,1.2,0.1,0.1,0.0,0.3,0.438,0.519,0.7,0.583,21.6,9.6,0.8,0.8,0.0,2.4,35,35,26.9,941.5,0.6725,12.1,7.7,1.3,0.6,0.4,1.2,0.5397930049964311,20.5,24.0,4.6,0.197,5.7,https://www.sports-reference.com/cbb/players/paulius-murauskas-1.html,https://www.sports-reference.com/cbb/players/paulius-murauskas-1.html
WCC,Tony Duckett,tony duckett,San Diego,WCC,D1,Saint Mary's,2025-26,2024-25,G,6-5,185,29,25.7,0.6425,10.4,2.0,1.9,0.7,0.3,1.2,0.386,0.338,0.873,0.428,16.186770428015564,3.11284046692607,2.9571984435797667,1.0894941634241246,0.4669260700389105,1.867704280155642,22,0,6.7,147.4,0.1675,3.1,0.5,0.4,0.3,0.3,0.4,0.5567528735632185,16.1,24.7,0.6,0.172,2.6,https://www.sports-reference.com/cbb/players/tony-duckett-2.html,https://www.sports-reference.com/cbb/players/tony-duckett-2.html
WCC,Deven Dahlke,deven dahlke,Drake,MVC,D1,San Diego,2022-23,2021-22,G,6-2,185,8,4.9,0.12250000000000001,1.3,0.5,0.1,0.3,0.0,0.1,0.4,0.25,0.5,0.45,10.612244897959183,4.081632653061225,0.8163265306122448,2.4489795918367343,0.0,0.8163265306122448,21,5,11.2,235.2,0.27999999999999997,2.1,1.1,0.6,0.4,0.0,0.1,0.5028735632183908,8.8,10.2,0.3,0.048,-0.7,https://www.sports-reference.com/cbb/players/deven-dahlke-1.html,https://www.sports-reference.com/cbb/players/deven-dahlke-1.html
WCC,Eric Williams,eric williams,Oregon,Pac-12,D1,San Diego,2022-23,2021-22,G,6-6,200,33,26.8,0.67,8.4,4.6,1.2,1.1,0.1,1.2,0.376,0.351,0.679,0.451,12.53731343283582,6.865671641791044,1.791044776119403,1.6417910447761193,0.14925373134328357,1.791044776119403,23,22,32.5,747.5,0.8125,14.6,9.3,2.3,1.3,0.3,2.3,0.5305232558139534,20.5,24.8,2.0,0.108,1.2,https://www.sports-reference.com/cbb/players/eric-williamsjr-1.html,https://www.sports-reference.com/cbb/players/eric-williamsjr-1.html
WCC,Jaiden Delaire,jaiden delaire,Stanford,Pac-12,D1,San Diego,2022-23,2021-22,F,6-9,210,32,23.6,0.5900000000000001,10.1,4.0,1.1,0.6,0.4,2.2,0.425,0.323,0.662,0.467,17.11864406779661,6.779661016949152,1.8644067796610169,1.0169491525423728,0.6779661016949152,3.7288135593220337,12,10,27.1,325.20000000000005,0.6775,9.2,5.3,1.2,1.2,0.8,1.7,0.5187189896256201,14.3,19.5,0.4,0.055,-1.5,https://www.sports-reference.com/cbb/players/jaiden-delaire-1.html,https://www.sports-reference.com/cbb/players/jaiden-delaire-1.html
WCC,Nic Lynch,nic lynch,Lehigh,Patriot,D1,San Diego,2022-23,2021-22,C,6-11,250,32,21.0,0.525,9.7,4.4,0.6,0.1,0.4,1.1,0.519,0.459,0.87,0.584,18.476190476190474,8.380952380952381,1.1428571428571428,0.19047619047619047,0.7619047619047619,2.0952380952380953,31,6,10.5,325.5,0.2625,3.5,1.6,0.3,0.0,0.2,0.3,0.5689206762028608,12.6,16.0,0.6,0.069,-1.0,https://www.sports-reference.com/cbb/players/nic-lynch-1.html,https://www.sports-reference.com/cbb/players/nic-lynch-1.html
WCC,Seikou Sisoho Jawara,seikou sisoho jawara,Weber State,Big Sky,D1,San Diego,2022-23,2021-22,G,6-3,195,33,34.2,0.8550000000000001,12.2,2.4,3.0,1.2,0.1,2.4,0.47,0.426,0.795,0.573,14.269005847953215,2.807017543859649,3.508771929824561,1.4035087719298245,0.11695906432748537,2.807017543859649,27,23,29.4,793.8,0.735,10.6,2.6,2.8,0.9,0.1,2.2,0.5696474634565778,13.3,19.5,1.0,0.051,-1.3,https://www.sports-reference.com/cbb/players/seikou-sisohojawara-1.html,https://www.sports-reference.com/cbb/players/seikou-sisohojawara-1.html
WCC,Colby Brooks,colby brooks,Gonzaga,WCC,D1,San Diego,2024-25,2023-24,F,6-7,210,14,3.0,0.075,1.0,1.2,0.1,0.0,0.0,0.1,0.333,0.0,0.444,0.333,13.333333333333334,16.0,1.3333333333333333,0.0,0.0,1.3333333333333333,23,2,6.7,154.1,0.1675,2.7,2.0,0.2,0.1,0.1,0.4,0.49486803519061584,15.5,22.9,0.3,0.067,-2.4,https://www.sports-reference.com/cbb/players/colby-brooks-1.html,https://www.sports-reference.com/cbb/players/colby-brooks-1.html
WCC,Assane Diop,assane diop,Colorado,Big 12,D1,San Diego,2025-26,2024-25,F,6-10,210,35,15.1,0.3775,3.8,3.7,0.8,0.3,0.1,1.1,0.389,0.2,0.791,0.416,10.066225165562914,9.801324503311259,2.119205298013245,0.794701986754967,0.26490066225165565,2.913907284768212,29,19,18.7,542.3,0.46749999999999997,5.7,5.2,1.3,0.3,0.4,1.3,0.5704563650920738,14.2,17.0,1.2,0.087,-3.5,https://www.sports-reference.com/cbb/players/assane-diop-2.html,https://www.sports-reference.com/cbb/players/assane-diop-2.html
WCC,Dominique Ford,dominique ford,Southern Utah,WAC,D1,San Diego,2025-26,2024-25,G,6-4,196,25,26.9,0.6725,14.5,2.8,1.4,1.0,0.1,1.5,0.419,0.32,0.896,0.503,21.561338289962826,4.163568773234201,2.0817843866171004,1.4869888475836432,0.14869888475836432,2.2304832713754648,31,17,17.3,536.3000000000001,0.4325,5.6,2.2,0.8,1.0,0.0,0.7,0.5007153075822603,12.4,18.5,0.9,0.07,-2.8,https://www.sports-reference.com/cbb/players/dominique-ford-1.html,https://www.sports-reference.com/cbb/players/dominique-ford-1.html
WCC,Juan Sebastian Gorosito,juan sebastian gorosito,Ball State,MAC,D1,San Diego,2025-26,2024-25,G,6-1,150,31,26.2,0.655,8.9,2.3,1.7,0.9,0.1,1.2,0.414,0.409,0.741,0.577,13.587786259541986,3.5114503816793894,2.595419847328244,1.3740458015267176,0.15267175572519084,1.83206106870229,32,17,24.3,777.6,0.6075,10.5,2.7,2.2,1.1,0.1,1.3,0.5491631799163179,15.0,22.7,1.7,0.088,1.2,https://www.sports-reference.com/cbb/players/juan-sebastian-gorosito-1.html,https://www.sports-reference.com/cbb/players/juan-sebastian-gorosito-1.html
WCC,Tim Moore,tim moore,NJIT,AmEast,D1,San Diego,2025-26,2024-25,F,6-6,215,30,26.7,0.6675,12.9,6.7,0.2,0.7,1.4,1.2,0.513,0.365,0.783,0.563,19.325842696629213,10.037453183520599,0.299625468164794,1.0486891385767791,2.0973782771535583,1.797752808988764,31,10,14.9,461.90000000000003,0.3725,6.6,2.4,0.3,0.4,0.7,0.5,0.5559299191374663,16.6,22.0,1.2,0.101,-2.8,https://www.sports-reference.com/cbb/players/tim-moore-3.html,https://www.sports-reference.com/cbb/players/tim-moore-3.html
WCC,Toneari Lane,toneari lane,Georgia State,Sun Belt,D1,San Diego,2025-26,2024-25,G,6-5,210,33,35.1,0.8775000000000001,13.8,2.9,1.6,0.6,0.1,0.9,0.379,0.353,0.87,0.491,15.726495726495726,3.304843304843305,1.8233618233618234,0.6837606837606838,0.11396011396011396,1.0256410256410255,33,17,26.8,884.4,0.67,11.3,2.0,0.7,0.6,0.1,0.7,0.6057032590051458,14.0,19.0,2.0,0.092,0.6,https://www.sports-reference.com/cbb/players/toneari-lane-1.html,https://www.sports-reference.com/cbb/players/toneari-lane-1.html
WCC,Ty-Laur Johnson,ty laur johnson,Wake Forest,ACC,D1,San Diego,2025-26,2024-25,G,6-0,160,29,23.5,0.5875,6.1,1.9,2.7,1.5,0.3,2.3,0.35,0.241,0.831,0.393,10.382978723404255,3.234042553191489,4.595744680851064,2.5531914893617023,0.5106382978723404,3.9148936170212765,23,21,28.0,644.0,0.7,14.6,2.7,4.3,2.3,0.3,2.9,0.5317599067599068,18.5,30.2,1.5,0.093,1.3,https://www.sports-reference.com/cbb/players/ty-laur-johnson-2.html,https://www.sports-reference.com/cbb/players/ty-laur-johnson-2.html
WCC,Marcus Williams,marcus williams,Texas A&M,SEC,D1,San Francisco,2022-23,2021-22,G,6-2,180,27,24.5,0.6125,7.9,2.2,3.4,1.3,0.1,2.7,0.362,0.283,0.61,0.425,12.89795918367347,3.5918367346938775,5.551020408163265,2.122448979591837,0.16326530612244897,4.408163265306122,34,2,25.5,867.0,0.6375,7.8,3.2,2.8,0.9,0.1,1.7,0.529891304347826,12.2,17.7,1.9,0.089,0.4,https://www.sports-reference.com/cbb/players/marcus-williams-24.html,https://www.sports-reference.com/cbb/players/marcus-williams-24.html
WCC,Saba Gigiberia,saba gigiberia,Georgia Tech,ACC,D1,San Francisco,2022-23,2021-22,F,7-1,250,15,7.9,0.1975,2.5,2.3,0.7,0.3,0.4,0.7,0.485,0.0,0.6,0.485,12.658227848101266,11.645569620253164,3.5443037974683542,1.5189873417721518,2.0253164556962022,3.5443037974683542,31,12,9.9,306.90000000000003,0.2475,4.3,3.3,0.6,0.5,0.6,1.4,0.5295566502463055,18.2,27.3,0.7,0.092,-0.2,https://www.sports-reference.com/cbb/players/saba-gigiberia-1.html,https://www.sports-reference.com/cbb/players/saba-gigiberia-1.html
WCC,Toni Rocak,toni rocak,UC San Diego,Big West,D1,San Francisco,2022-23,2021-22,F,6-8,220,27,26.9,0.6725,15.2,6.5,2.0,1.1,0.6,3.8,0.465,0.25,0.671,0.48,22.602230483271377,9.66542750929368,2.9739776951672865,1.6356877323420076,0.892193308550186,5.650557620817844,18,1,8.5,153.0,0.2125,2.3,1.6,0.6,0.4,0.2,1.2,0.4471228615863141,6.5,22.6,-0.1,-0.016,-4.4,https://www.sports-reference.com/cbb/players/toni-rocak-1.html,https://www.sports-reference.com/cbb/players/toni-rocak-1.html
WCC,Tyrell Roberts,tyrell roberts,Washington State,Pac-12,D1,San Francisco,2022-23,2021-22,G,5-11,170,36,29.3,0.7325,11.4,2.6,2.0,0.7,0.0,1.5,0.355,0.344,0.925,0.46,15.563139931740613,3.5494880546075085,2.73037542662116,0.9556313993174061,0.0,2.04778156996587,34,34,35.5,1207.0,0.8875,16.2,3.3,2.3,1.2,0.1,1.5,0.6061059563005088,18.3,21.1,4.5,0.149,4.4,https://www.sports-reference.com/cbb/players/tyrell-roberts-1.html,https://www.sports-reference.com/cbb/players/tyrell-roberts-1.html
WCC,Jonathan Mogbo,jonathan mogbo,Missouri State,MVC,D1,San Francisco,2023-24,2022-23,F,6-8,225,30,24.4,0.61,8.0,7.0,1.4,1.3,1.1,1.7,0.589,0.0,0.432,0.589,13.114754098360656,11.475409836065575,2.295081967213115,2.1311475409836067,1.8032786885245902,2.7868852459016393,34,34,28.9,982.5999999999999,0.7224999999999999,14.2,10.1,3.6,1.6,0.8,1.8,0.6535346097201766,31.2,22.7,6.9,0.283,11.1,https://www.sports-reference.com/cbb/players/jonathan-mogbo-1.html,https://www.sports-reference.com/cbb/players/jonathan-mogbo-1.html
WCC,Malik Thomas,malik thomas,Southern California,Pac-12,D1,San Francisco,2023-24,2022-23,G,6-4,190,27,8.1,0.20249999999999999,2.4,1.0,0.3,0.4,0.0,0.5,0.365,0.263,0.737,0.405,11.851851851851853,4.938271604938272,1.4814814814814816,1.9753086419753088,0.0,2.469135802469136,33,21,23.2,765.6,0.58,12.4,2.7,0.5,0.8,0.0,0.9,0.609996064541519,19.3,24.7,3.5,0.183,2.6,https://www.sports-reference.com/cbb/players/malik-thomas-2.html,https://www.sports-reference.com/cbb/players/malik-thomas-2.html
WCC,Mike Sharavjamts,mike sharavjamts,Dayton,A-10,D1,San Francisco,2023-24,2022-23,F,6-8,180,32,23.1,0.5775,5.6,1.9,2.6,0.4,0.3,1.5,0.388,0.315,0.677,0.476,9.696969696969697,3.2900432900432897,4.502164502164502,0.6926406926406926,0.5194805194805194,2.5974025974025974,34,34,25.0,850.0,0.625,7.7,3.0,2.7,0.9,0.4,1.4,0.5392156862745098,13.3,17.8,2.6,0.123,2.4,https://www.sports-reference.com/cbb/players/mike-sharavjamts-1.html,https://www.sports-reference.com/cbb/players/mike-sharavjamts-1.html
WCC,Robby Beasley,robby beasley,UC Davis,Big West,D1,San Francisco,2023-24,2022-23,G,6-3,190,24,27.1,0.6775,9.4,3.0,1.2,0.7,0.1,1.1,0.42,0.424,0.725,0.54,13.874538745387452,4.428044280442804,1.7712177121771218,1.033210332103321,0.14760147601476015,1.6236162361623616,17,0,10.1,171.7,0.2525,3.2,1.2,0.3,0.2,0.0,0.3,0.6182380216383307,11.3,14.9,0.5,0.124,-0.6,https://www.sports-reference.com/cbb/players/robby-beasley-1.html,https://www.sports-reference.com/cbb/players/robby-beasley-1.html
WCC,Stefan Todorovic,stefan todorovic,SMU,AAC,D1,San Francisco,2023-24,2022-23,F,6-8,190,31,16.6,0.41500000000000004,5.5,2.4,0.4,0.5,0.2,0.6,0.352,0.316,0.822,0.459,13.25301204819277,5.783132530120481,0.9638554216867469,1.2048192771084336,0.48192771084337344,1.4457831325301203,22,4,9.7,213.39999999999998,0.2425,3.8,1.5,0.4,0.3,0.0,0.4,0.5349099099099098,14.1,21.0,0.7,0.127,-2.0,https://www.sports-reference.com/cbb/players/stefan-todorovic-1.html,https://www.sports-reference.com/cbb/players/stefan-todorovic-1.html
WCC,Carlton Linguard,carlton linguard,UTSA,AAC,D1,San Francisco,2024-25,2023-24,F,6-11,215,32,25.3,0.6325000000000001,9.3,6.2,0.8,0.2,1.5,0.8,0.418,0.306,0.792,0.49,14.703557312252965,9.802371541501977,1.2648221343873518,0.31620553359683795,2.3715415019762847,1.2648221343873518,35,35,22.0,770.0,0.55,8.3,4.4,1.2,0.2,0.9,1.1,0.5293367346938775,14.1,20.6,2.3,0.12,2.0,https://www.sports-reference.com/cbb/players/carlton-linguardjr-1.html,https://www.sports-reference.com/cbb/players/carlton-linguardjr-1.html
WCC,Jason Rivera-Torres,jason rivera torres,Vanderbilt,SEC,D1,San Francisco,2024-25,2023-24,G,6-7,180,29,15.4,0.385,6.4,3.1,0.6,0.9,0.2,0.9,0.333,0.241,0.764,0.391,16.623376623376622,8.051948051948052,1.5584415584415585,2.3376623376623376,0.5194805194805194,2.3376623376623376,33,0,7.8,257.4,0.195,2.4,2.3,0.4,0.3,0.3,0.5,0.43795620437956206,13.8,20.5,0.6,0.1,0.3,https://www.sports-reference.com/cbb/players/jason-rivera-torres-1.html,https://www.sports-reference.com/cbb/players/jason-rivera-torres-1.html
WCC,Aidan Braccia,aidan braccia,Belmont,MVC,D1,San Francisco,2025-26,2024-25,G,6-2,165,2,4.0,0.1,1.5,0.0,0.5,0.0,0.0,0.0,0.5,0.5,0.0,0.75,15.0,0.0,5.0,0.0,0.0,0.0,16,0,5.8,92.8,0.145,0.8,0.6,0.3,0.3,0.0,0.1,0.31347962382445144,1.8,12.2,0.0,0.009,-11.4,https://www.sports-reference.com/cbb/players/aidan-braccia-1.html,https://www.sports-reference.com/cbb/players/aidan-braccia-1.html
WCC,David Fuchs,david fuchs,Rhode Island,A-10,D1,San Francisco,2025-26,2024-25,F,6-9,225,29,20.7,0.5175,7.4,7.5,0.9,0.6,0.4,1.4,0.587,0.294,0.594,0.607,14.299516908212562,14.492753623188406,1.7391304347826086,1.1594202898550725,0.7729468599033816,2.7053140096618358,29,19,24.0,696.0,0.6,12.7,7.8,1.4,0.5,0.3,1.9,0.5894912736724842,22.6,27.6,2.7,0.156,3.5,https://www.sports-reference.com/cbb/players/david-fuchs-1.html,https://www.sports-reference.com/cbb/players/david-fuchs-1.html
WCC,Guillermo Diaz Graham,guillermo diaz graham,Pittsburgh,ACC,D1,San Francisco,2025-26,2024-25,F,7-0,205,32,23.2,0.58,6.2,5.0,1.5,0.5,0.7,0.9,0.423,0.316,0.676,0.534,10.689655172413794,8.620689655172415,2.586206896551724,0.8620689655172414,1.206896551724138,1.5517241379310345,33,19,17.2,567.6,0.43,5.2,3.2,1.3,0.5,0.5,0.8,0.5716798592788039,14.3,16.2,1.7,0.12,2.4,https://www.sports-reference.com/cbb/players/guillermo-diaz-graham-1.html,https://www.sports-reference.com/cbb/players/guillermo-diaz-graham-1.html
WCC,Mookie Cook,mookie cook,Oregon,Big Ten,D1,San Francisco,2025-26,2024-25,F,6-7,200,24,4.3,0.1075,1.1,0.5,0.1,0.2,0.2,0.0,0.588,0.444,0.5,0.706,10.232558139534884,4.651162790697675,0.9302325581395349,1.8604651162790697,1.8604651162790697,0.0,25,5,20.8,520.0,0.52,7.6,4.2,1.5,0.7,0.8,1.7,0.5614657210401891,14.6,21.1,1.2,0.094,2.2,https://www.sports-reference.com/cbb/players/mookie-cook-1.html,https://www.sports-reference.com/cbb/players/mookie-cook-1.html
WCC,Vukasin Masic,vukasin masic,Portland,WCC,D1,San Francisco,2025-26,2024-25,G,6-5,195,27,27.9,0.6975,10.5,3.2,3.3,0.6,0.0,1.4,0.417,0.362,0.787,0.518,15.053763440860216,4.587813620071685,4.731182795698925,0.8602150537634409,0.0,2.0071684587813623,33,21,21.6,712.8000000000001,0.54,5.3,1.6,2.0,0.2,0.1,1.0,0.481118373275236,7.4,15.5,0.7,0.041,-2.7,https://www.sports-reference.com/cbb/players/vukasin-masic-1.html,https://www.sports-reference.com/cbb/players/vukasin-masic-1.html
WCC,Brandin Podziemski,brandin podziemski,Illinois,Big Ten,D1,Santa Clara,2022-23,2021-22,G,6-5,200,16,4.3,0.1075,1.4,0.9,0.3,0.1,0.0,0.3,0.421,0.231,0.75,0.5,13.023255813953488,8.372093023255815,2.7906976744186047,0.9302325581395349,0.0,2.7906976744186047,32,32,36.0,1152.0,0.9,19.9,8.8,3.7,1.8,0.5,2.3,0.6074481074481074,26.4,25.6,6.2,0.215,10.6,https://www.sports-reference.com/cbb/players/brandin-podziemski-1.html,https://www.sports-reference.com/cbb/players/brandin-podziemski-1.html
WCC,Carlos Marshall,carlos marshall,Tennessee State,OVC,D1,Santa Clara,2022-23,2021-22,G,6-6,210,30,26.9,0.6725,12.8,3.4,1.4,1.0,0.3,2.4,0.432,0.406,0.831,0.523,19.033457249070633,5.055762081784387,2.0817843866171004,1.4869888475836432,0.446096654275093,3.568773234200744,3,0,19.3,57.900000000000006,0.48250000000000004,10.0,3.0,1.3,0.0,0.3,2.3,0.6956037840845853,18.0,24.3,0.2,0.116,1.8,https://www.sports-reference.com/cbb/players/carlos-marshalljr-1.html,https://www.sports-reference.com/cbb/players/carlos-marshalljr-1.html
WCC,Adama Bal,adama bal,Arizona,Pac-12,D1,Santa Clara,2023-24,2022-23,G,6-6,190,26,8.2,0.205,2.5,1.0,0.5,0.3,0.0,0.5,0.392,0.353,0.706,0.51,12.195121951219512,4.878048780487806,2.439024390243903,1.4634146341463417,0.0,2.439024390243903,30,30,31.2,936.0,0.78,14.4,3.2,3.1,0.9,0.2,2.3,0.5758157389635317,16.0,23.5,3.1,0.132,1.3,https://www.sports-reference.com/cbb/players/adama-bal-1.html,https://www.sports-reference.com/cbb/players/adama-bal-1.html
WCC,Francisco Caffaro,francisco caffaro,Virginia,ACC,D1,Santa Clara,2023-24,2022-23,C,7-0,250,20,8.2,0.205,2.0,1.8,0.2,0.1,0.1,0.5,0.75,0.0,0.556,0.75,9.756097560975611,8.78048780487805,0.9756097560975611,0.48780487804878053,0.48780487804878053,2.439024390243903,31,6,15.7,486.7,0.39249999999999996,4.5,3.9,1.4,0.3,0.4,1.1,0.6768953068592058,17.6,14.0,1.8,0.148,3.3,https://www.sports-reference.com/cbb/players/francisco-caffaro-1.html,https://www.sports-reference.com/cbb/players/francisco-caffaro-1.html
WCC,Jalen Benjamin,jalen benjamin,Mount St. Mary's,MAAC,D1,Santa Clara,2023-24,2022-23,G,5-10,140,31,31.5,0.7875,16.0,2.8,3.8,0.6,0.1,2.8,0.418,0.368,0.791,0.478,20.317460317460316,3.5555555555555554,4.825396825396825,0.7619047619047619,0.12698412698412698,3.5555555555555554,29,12,13.6,394.4,0.33999999999999997,4.9,1.2,1.9,0.2,0.0,1.3,0.4841897233201581,9.0,23.3,0.5,0.051,-4.1,https://www.sports-reference.com/cbb/players/jalen-benjamin-1.html,https://www.sports-reference.com/cbb/players/jalen-benjamin-1.html
WCC,Johnny O'Neil,johnny o neil,American,Patriot,D1,Santa Clara,2023-24,2022-23,F,6-9,200,30,32.0,0.8,11.3,6.6,1.4,0.9,1.7,1.8,0.447,0.392,0.614,0.557,14.125,8.25,1.75,1.125,2.125,2.25,33,33,25.8,851.4,0.645,11.0,5.5,1.6,0.8,0.8,1.4,0.5390043120344963,17.0,22.2,2.9,0.135,4.2,https://www.sports-reference.com/cbb/players/johnny-oneil-1.html,https://www.sports-reference.com/cbb/players/johnny-oneil-1.html
WCC,Tyeree Bryan,tyeree bryan,Charleston Southern,Big South,D1,Santa Clara,2023-24,2022-23,G,6-6,202,29,31.4,0.7849999999999999,10.5,5.5,1.8,0.6,0.4,1.1,0.452,0.421,0.757,0.529,13.37579617834395,7.006369426751593,2.2929936305732483,0.7643312101910829,0.5095541401273885,1.4012738853503186,32,6,25.4,812.8,0.635,8.2,3.8,0.6,0.3,0.3,0.6,0.5305383022774327,12.0,16.0,2.1,0.105,0.7,https://www.sports-reference.com/cbb/players/tyeree-bryan-1.html,https://www.sports-reference.com/cbb/players/tyeree-bryan-1.html
WCC,Carlos Stewart,carlos stewart,Louisiana State,SEC,D1,Santa Clara,2024-25,2023-24,G,6-1,185,13,19.5,0.4875,4.7,2.2,1.0,0.8,0.1,0.5,0.328,0.278,0.7,0.403,9.64102564102564,4.512820512820513,2.051282051282051,1.641025641025641,0.20512820512820512,1.0256410256410255,34,33,28.3,962.2,0.7075,12.3,2.5,2.9,1.3,0.1,1.6,0.608910891089109,17.0,20.5,3.6,0.15,5.1,https://www.sports-reference.com/cbb/players/carlos-stewart-1.html,https://www.sports-reference.com/cbb/players/carlos-stewart-1.html
WCC,Aleksandar Gavalyugov,aleksandar gavalyugov,Villanova,Big East,D1,Santa Clara,2025-26,2024-25,G,6-0,175,4,4.8,0.12,2.0,0.0,0.3,0.5,0.0,0.3,0.5,0.667,0.0,0.667,16.666666666666668,0.0,2.5,4.166666666666667,0.0,2.5,35,2,20.1,703.5,0.5025000000000001,9.0,1.9,2.7,0.5,0.0,1.4,0.5289139633286319,14.0,23.8,1.9,0.11,3.1,https://www.sports-reference.com/cbb/players/aleksandar-gavalyugov-1.html,https://www.sports-reference.com/cbb/players/aleksandar-gavalyugov-1.html
WCC,Juan Reyna,juan reyna,Jackson State,SWAC,D1,Santa Clara,2025-26,2024-25,G,6-2,182,27,15.1,0.3775,4.1,1.9,0.9,0.4,0.0,0.6,0.233,0.244,0.875,0.318,10.860927152317881,5.033112582781457,2.384105960264901,1.0596026490066226,0.0,1.589403973509934,1,0,2.0,2.0,0.05,0.0,2.0,0.0,0.0,0.0,1.0,0,-12.4,24.0,0.0,-0.322,0.0,https://www.sports-reference.com/cbb/players/juan-reyna-1.html,https://www.sports-reference.com/cbb/players/juan-reyna-1.html
WCC,Eemeli Yalaho,eemeli yalaho,Texas Tech,Big 12,D1,Washington State,2025-26,2024-25,F,6-8,240,8,11.3,0.28250000000000003,3.3,2.4,0.8,0.3,0.1,0.5,0.556,0.5,0.429,0.639,11.681415929203538,8.495575221238937,2.831858407079646,1.0619469026548671,0.35398230088495575,1.7699115044247786,32,27,28.4,908.8,0.71,10.1,5.7,1.7,0.5,0.3,1.8,0.609903381642512,14.7,18.0,2.2,0.096,1.9,https://www.sports-reference.com/cbb/players/eemeli-yalaho-1.html,https://www.sports-reference.com/cbb/players/eemeli-yalaho-1.html
WCC,Emmanuel Ugbo,emmanuel ugbo,Boise State,MWC,D1,Washington State,2025-26,2024-25,F,6-8,235,36,10.0,0.25,3.1,2.3,0.2,0.1,0.4,0.5,0.482,0.227,0.788,0.512,12.4,9.2,0.8,0.4,1.6,2.0,22,6,18.1,398.20000000000005,0.4525,6.7,3.5,0.8,0.2,0.1,1.0,0.5509868421052632,12.3,20.1,0.7,0.074,-1.1,https://www.sports-reference.com/cbb/players/emmanuel-ugbo-1.html,https://www.sports-reference.com/cbb/players/emmanuel-ugbo-1.html
WCC,Jerone Morton,jerone morton,Morehead State,OVC,D1,Washington State,2025-26,2024-25,G,6-4,200,26,29.5,0.7375,10.4,3.2,3.4,1.3,0.2,1.9,0.45,0.377,0.72,0.513,14.101694915254237,4.338983050847458,4.610169491525424,1.7627118644067796,0.2711864406779661,2.5762711864406778,32,29,24.9,796.8,0.6224999999999999,7.8,1.9,2.6,0.8,0.2,1.2,0.5705090696313634,12.9,16.4,1.9,0.093,1.2,https://www.sports-reference.com/cbb/players/jerone-morton-1.html,https://www.sports-reference.com/cbb/players/jerone-morton-1.html
WCC,Simon Hildebrandt,simon hildebrandt,High Point,Big South,D1,Washington State,2025-26,2024-25,F,6-9,238,25,13.4,0.335,5.5,3.0,0.4,0.2,0.2,1.0,0.466,0.339,0.742,0.558,16.417910447761194,8.955223880597014,1.1940298507462686,0.5970149253731343,0.5970149253731343,2.9850746268656714,32,2,14.5,464.0,0.3625,4.5,1.8,0.5,0.4,0.1,0.7,0.5859375,9.8,16.0,0.8,0.07,-1.0,https://www.sports-reference.com/cbb/players/simon-hildebrandt-1.html,https://www.sports-reference.com/cbb/players/simon-hildebrandt-1.html
WCC,Vukasin Masic,vukasin masic,Maine,AmEast,D1,Portland,2023-24,2021-22,G,6-5,195,28,28.1,0.7025,9.3,4.1,3.1,0.6,0.0,1.7,0.393,0.354,0.852,0.488,13.238434163701067,5.8362989323843415,4.412811387900356,0.8540925266903914,0.0,2.4199288256227756,32,32,32.4,1036.8,0.8099999999999999,12.5,4.2,2.9,0.7,0.0,2.0,0.589622641509434,14.6,20.4,1.7,0.064,-0.4,https://www.sports-reference.com/cbb/players/vukasin-masic-1.html,https://www.sports-reference.com/cbb/players/vukasin-masic-1.html
